Year,Date,Island,Site,Transect,Transect.area,Family,Species,Size,a,b,abundance.500m2,biomass.kgha,mass.g,FG.fine,Diet,Position,MaxSizeTL,sstmean,Method
2022,11/9/22,Aride,Site 1,1,150,Acanthuridae,Acanthurus tennentii,26,0.0261,3.024,3.33,33.1,496,Cropper,HerDet,BtPlDw,31,28,Otolth
2022,11/9/22,Aride,Site 1,1,150,Acanthuridae,Acanthurus tennentii,27,0.0261,3.024,3.33,37.1,556,Cropper,HerDet,BtPlDw,31,28,Otolth
2022,11/9/22,Aride,Site 1,1,150,Acanthuridae,Acanthurus tennentii,31,0.0261,3.024,3.33,56.3,844.3,Cropper,HerDet,BtPlDw,31,28,Otolth
2022,11/9/22,Aride,Site 1,1,150,Acanthuridae,Acanthurus xanthopteus,29,0.0459,2.83,3.33,42.1,631.5,Cropper,HerDet,BtPlDw,70,28,Otolth
2022,11/9/22,Aride,Site 1,1,150,Acanthuridae,Acanthurus xanthopteus,29,0.0459,2.83,3.33,42.1,631.5,Cropper,HerDet,BtPlDw,70,28,Otolth
2022,11/9/22,Aride,Site 1,1,150,Acanthuridae,Acanthurus xanthopteus,29,0.0459,2.83,3.33,42.1,631.5,Cropper,HerDet,BtPlDw,70,28,Otolth
2022,11/9/22,Aride,Site 1,1,150,Acanthuridae,Acanthurus xanthopteus,29,0.0459,2.83,3.33,42.1,631.5,Cropper,HerDet,BtPlDw,70,28,Otolth
2022,11/9/22,Aride,Site 1,1,150,Acanthuridae,Acanthurus xanthopteus,29,0.0459,2.83,3.33,42.1,631.5,Cropper,HerDet,BtPlDw,70,28,Otolth
2022,11/9/22,Aride,Site 1,1,150,Acanthuridae,Acanthurus xanthopteus,32,0.0459,2.83,3.33,55.6,834.4,Cropper,HerDet,BtPlDw,70,28,Otolth
2022,11/9/22,Aride,Site 1,1,150,Acanthuridae,Acanthurus xanthopteus,32,0.0459,2.83,3.33,55.6,834.4,Cropper,HerDet,BtPlDw,70,28,Otolth
2022,11/9/22,Aride,Site 1,1,150,Acanthuridae,Acanthurus xanthopteus,32,0.0459,2.83,3.33,55.6,834.4,Cropper,HerDet,BtPlDw,70,28,Otolth
2022,11/9/22,Aride,Site 1,1,150,Acanthuridae,Acanthurus xanthopteus,32,0.0459,2.83,3.33,55.6,834.4,Cropper,HerDet,BtPlDw,70,28,Otolth
2022,11/9/22,Aride,Site 1,1,150,Acanthuridae,Acanthurus xanthopteus,32,0.0459,2.83,3.33,55.6,834.4,Cropper,HerDet,BtPlDw,70,28,Otolth
2022,11/9/22,Aride,Site 1,1,150,Acanthuridae,Acanthurus xanthopteus,32,0.0459,2.83,3.33,55.6,834.4,Cropper,HerDet,BtPlDw,70,28,Otolth
2022,11/9/22,Aride,Site 1,1,150,Acanthuridae,Acanthurus xanthopteus,34,0.0459,2.83,3.33,66,990.6,Cropper,HerDet,BtPlDw,70,28,Otolth
2022,11/9/22,Aride,Site 1,1,150,Acanthuridae,Acanthurus xanthopteus,34,0.0459,2.83,3.33,66,990.6,Cropper,HerDet,BtPlDw,70,28,Otolth
2022,11/9/22,Aride,Site 1,1,150,Acanthuridae,Acanthurus xanthopteus,34,0.0459,2.83,3.33,66,990.6,Cropper,HerDet,BtPlDw,70,28,Otolth
2022,11/9/22,Aride,Site 1,1,150,Acanthuridae,Acanthurus xanthopteus,34,0.0459,2.83,3.33,66,990.6,Cropper,HerDet,BtPlDw,70,28,Otolth
2022,11/9/22,Aride,Site 1,1,150,Acanthuridae,Ctenochaetus striatus,14,0.0254,3.027,3.33,5,74.8,Brusher,HerDet,BtPlDw,26,28,Otolth
2022,11/9/22,Aride,Site 1,1,150,Acanthuridae,Ctenochaetus striatus,14,0.0254,3.027,3.33,5,74.8,Brusher,HerDet,BtPlDw,26,28,Otolth
2022,11/9/22,Aride,Site 1,1,150,Acanthuridae,Ctenochaetus striatus,15,0.0254,3.027,3.33,6.1,92.2,Brusher,HerDet,BtPlDw,26,28,Otolth
2022,11/9/22,Aride,Site 1,1,150,Acanthuridae,Ctenochaetus truncatus,13,0.0254,3.027,3.33,4,59.8,Brusher,HerDet,BtPlDw,16,28,Otolth
2022,11/9/22,Aride,Site 1,1,150,Acanthuridae,Ctenochaetus truncatus,13,0.0254,3.027,3.33,4,59.8,Brusher,HerDet,BtPlDw,16,28,Otolth
2022,11/9/22,Aride,Site 1,1,150,Acanthuridae,Ctenochaetus truncatus,13,0.0254,3.027,3.33,4,59.8,Brusher,HerDet,BtPlDw,16,28,Otolth
2022,11/9/22,Aride,Site 1,1,150,Acanthuridae,Ctenochaetus truncatus,17,0.0254,3.027,3.33,9,134.7,Brusher,HerDet,BtPlDw,16,28,Otolth
2022,11/9/22,Aride,Site 1,1,150,Acanthuridae,Zebrasoma scopas,14,0.04,2.867,3.33,5.2,77.3,Cropper,HerDet,BtPlDw,25,28,Otolth
2022,11/9/22,Aride,Site 1,1,150,Scaridae,Chlorurus atrilunula,38,0.0182,3.15,3.33,114.9,1723.4,Excavator,HerDet,BtPlDw,38,28,Otolth
2022,11/9/22,Aride,Site 1,1,150,Scaridae,Scarus falcipinnis,38,0.0169,3.049,3.33,73.9,1108.3,Scraper,HerDet,BtPlDw,60,28,Otolth
2022,11/9/22,Aride,Site 1,1,150,Scaridae,Scarus prasiognathus,40,0.0142,3.14,3.33,101.5,1523.2,Scraper,HerDet,BtPlDw,70,28,Otolth
2022,11/9/22,Aride,Site 1,1,150,Scaridae,Scarus prasiognathus,42,0.0142,3.14,3.33,118.4,1775.4,Scraper,HerDet,BtPlDw,70,28,Otolth
2022,11/9/22,Aride,Site 1,2,150,Acanthuridae,Acanthurus leucosternon,15,0.1317,2.392,3.33,5.7,85.7,Cropper,HerDet,BtPlDw,54,28,Otolth
2022,11/9/22,Aride,Site 1,2,150,Acanthuridae,Acanthurus nigrofuscus,13,0.0301,2.967,3.33,4.1,60.8,Cropper,HerDet,BtPlDw,21,28,Otolth
2022,11/9/22,Aride,Site 1,2,150,Acanthuridae,Acanthurus nigrofuscus,14,0.0301,2.967,3.33,5,75.7,Cropper,HerDet,BtPlDw,21,28,Otolth
2022,11/9/22,Aride,Site 1,2,150,Acanthuridae,Acanthurus nigrofuscus,14,0.0301,2.967,3.33,5,75.7,Cropper,HerDet,BtPlDw,21,28,Otolth
2022,11/9/22,Aride,Site 1,2,150,Acanthuridae,Acanthurus nigrofuscus,14,0.0301,2.967,3.33,5,75.7,Cropper,HerDet,BtPlDw,21,28,Otolth
2022,11/9/22,Aride,Site 1,2,150,Acanthuridae,Ctenochaetus striatus,14,0.0254,3.027,3.33,5,74.8,Brusher,HerDet,BtPlDw,26,28,Otolth
2022,11/9/22,Aride,Site 1,2,150,Acanthuridae,Ctenochaetus striatus,14,0.0254,3.027,3.33,5,74.8,Brusher,HerDet,BtPlDw,26,28,Otolth
2022,11/9/22,Aride,Site 1,2,150,Acanthuridae,Ctenochaetus striatus,14,0.0254,3.027,3.33,5,74.8,Brusher,HerDet,BtPlDw,26,28,Otolth
2022,11/9/22,Aride,Site 1,2,150,Acanthuridae,Ctenochaetus striatus,14,0.0254,3.027,3.33,5,74.8,Brusher,HerDet,BtPlDw,26,28,Otolth
2022,11/9/22,Aride,Site 1,2,150,Acanthuridae,Naso elegans,34,0.0497,2.839,3.33,73.8,1107.2,Browser,HerMac,BnthAs,45,28,Otolth
2022,11/9/22,Aride,Site 1,2,150,Acanthuridae,Naso elegans,34,0.0497,2.839,3.33,73.8,1107.2,Browser,HerMac,BnthAs,45,28,Otolth
2022,11/9/22,Aride,Site 1,2,150,Acanthuridae,Naso elegans,34,0.0497,2.839,3.33,73.8,1107.2,Browser,HerMac,BnthAs,45,28,Otolth
2022,11/9/22,Aride,Site 1,2,150,Acanthuridae,Naso elegans,34,0.0497,2.839,3.33,73.8,1107.2,Browser,HerMac,BnthAs,45,28,Otolth
2022,11/9/22,Aride,Site 1,2,150,Acanthuridae,Naso elegans,34,0.0497,2.839,3.33,73.8,1107.2,Browser,HerMac,BnthAs,45,28,Otolth
2022,11/9/22,Aride,Site 1,2,150,Acanthuridae,Zebrasoma scopas,14,0.04,2.867,3.33,5.2,77.3,Cropper,HerDet,BtPlDw,25,28,Otolth
2022,11/9/22,Aride,Site 1,2,150,Scaridae,Chlorurus sordidus,10,0.0182,3.15,3.33,1.7,25.7,Excavator,HerDet,BtPlDw,40,28,Otolth
2022,11/9/22,Aride,Site 1,2,150,Scaridae,Chlorurus sordidus,10,0.0182,3.15,3.33,1.7,25.7,Excavator,HerDet,BtPlDw,40,28,Otolth
2022,11/9/22,Aride,Site 1,2,150,Scaridae,Chlorurus sordidus,10,0.0182,3.15,3.33,1.7,25.7,Excavator,HerDet,BtPlDw,40,28,Otolth
2022,11/9/22,Aride,Site 1,2,150,Scaridae,Chlorurus sordidus,30,0.0182,3.15,3.33,54.6,818.5,Excavator,HerDet,BtPlDw,40,28,Otolth
2022,11/9/22,Aride,Site 1,2,150,Scaridae,Scarus frenatus,34,0.0169,3.049,3.33,52.6,789.5,Scraper,HerDet,BtPlDw,47,28,Otolth
2022,11/9/22,Aride,Site 1,2,150,Scaridae,Scarus prasiognathus,42,0.0142,3.14,3.33,118.4,1775.4,Scraper,HerDet,BtPlDw,70,28,Otolth
2022,11/9/22,Aride,Site 1,2,150,Scaridae,Scarus prasiognathus,42,0.0142,3.14,3.33,118.4,1775.4,Scraper,HerDet,BtPlDw,70,28,Otolth
2022,11/9/22,Aride,Site 1,2,150,Siganidae,Siganus stellatus,36,0.0131,3.088,3.33,55.9,837.8,Cropper,HerDet,BnthDw,40,28,Otolth
2022,11/9/22,Aride,Site 1,2,150,Siganidae,Siganus stellatus,36,0.0131,3.088,3.33,55.9,837.8,Cropper,HerDet,BnthDw,40,28,Otolth
2022,11/9/22,Aride,Site 1,2,60,Pomacentridae,Plectroglyphidodon lacrymatus,6,0.0612,2.635,8.33,1.1,6.9,Farmer,HerDet,BnthDw,10,28,Otolth
2022,11/9/22,Aride,Site 1,2,60,Pomacentridae,Plectroglyphidodon lacrymatus,7,0.0612,2.635,8.33,1.7,10.3,Farmer,HerDet,BnthDw,10,28,Otolth
2022,11/9/22,Aride,Site 1,2,60,Pomacentridae,Plectroglyphidodon lacrymatus,8,0.0612,2.635,8.33,2.4,14.7,Farmer,HerDet,BnthDw,10,28,Otolth
2022,11/9/22,Aride,Site 1,2,60,Pomacentridae,Plectroglyphidodon lacrymatus,8,0.0612,2.635,8.33,2.4,14.7,Farmer,HerDet,BnthDw,10,28,Otolth
2022,11/9/22,Aride,Site 1,2,60,Pomacentridae,Plectroglyphidodon lacrymatus,8,0.0612,2.635,8.33,2.4,14.7,Farmer,HerDet,BnthDw,10,28,Otolth
2022,11/9/22,Aride,Site 1,2,60,Pomacentridae,Plectroglyphidodon lacrymatus,8,0.0612,2.635,8.33,2.4,14.7,Farmer,HerDet,BnthDw,10,28,Otolth
2022,11/9/22,Aride,Site 1,2,60,Pomacentridae,Plectroglyphidodon lacrymatus,8,0.0612,2.635,8.33,2.4,14.7,Farmer,HerDet,BnthDw,10,28,Otolth
2022,11/9/22,Aride,Site 1,2,60,Pomacentridae,Plectroglyphidodon lacrymatus,8,0.0612,2.635,8.33,2.4,14.7,Farmer,HerDet,BnthDw,10,28,Otolth
2022,11/9/22,Aride,Site 1,3,150,Acanthuridae,Acanthurus leucosternon,17,0.1317,2.392,3.33,7.7,115.6,Cropper,HerDet,BtPlDw,54,28,Otolth
2022,11/9/22,Aride,Site 1,3,150,Acanthuridae,Ctenochaetus striatus,13,0.0254,3.027,3.33,4,59.8,Brusher,HerDet,BtPlDw,26,28,Otolth
2022,11/9/22,Aride,Site 1,3,150,Acanthuridae,Ctenochaetus striatus,14,0.0254,3.027,3.33,5,74.8,Brusher,HerDet,BtPlDw,26,28,Otolth
2022,11/9/22,Aride,Site 1,3,150,Scaridae,Scarus caudofasciatus,48,0.0136,3.109,3.33,152.9,2293.6,Scraper,HerDet,BtPlDw,50,28,Otolth
2022,11/9/22,Aride,Site 1,3,150,Scaridae,Scarus falcipinnis,42,0.0169,3.049,3.33,100.2,1503.7,Scraper,HerDet,BtPlDw,60,28,Otolth
2022,11/9/22,Aride,Site 1,3,150,Scaridae,Scarus niger,34,0.0142,3.14,3.33,61,914.4,Scraper,HerDet,BtPlDw,40,28,Otolth
2022,11/9/22,Aride,Site 1,3,150,Scaridae,Scarus prasiognathus,40,0.0142,3.14,3.33,101.5,1523.2,Scraper,HerDet,BtPlDw,70,28,Otolth
2022,11/9/22,Aride,Site 1,3,150,Scaridae,Scarus prasiognathus,47,0.0142,3.14,3.33,168.5,2527.4,Scraper,HerDet,BtPlDw,70,28,Otolth
2022,11/9/22,Aride,Site 1,3,60,Pomacentridae,Plectroglyphidodon lacrymatus,6,0.0612,2.635,8.33,1.1,6.9,Farmer,HerDet,BnthDw,10,28,Otolth
2022,11/9/22,Aride,Site 1,3,60,Pomacentridae,Plectroglyphidodon lacrymatus,7,0.0612,2.635,8.33,1.7,10.3,Farmer,HerDet,BnthDw,10,28,Otolth
2022,11/9/22,Aride,Site 1,3,60,Pomacentridae,Plectroglyphidodon lacrymatus,7,0.0612,2.635,8.33,1.7,10.3,Farmer,HerDet,BnthDw,10,28,Otolth
2022,11/9/22,Aride,Site 1,3,60,Pomacentridae,Plectroglyphidodon lacrymatus,7,0.0612,2.635,8.33,1.7,10.3,Farmer,HerDet,BnthDw,10,28,Otolth
2022,11/9/22,Aride,Site 1,3,60,Pomacentridae,Plectroglyphidodon lacrymatus,7,0.0612,2.635,8.33,1.7,10.3,Farmer,HerDet,BnthDw,10,28,Otolth
2022,11/9/22,Aride,Site 1,3,60,Pomacentridae,Plectroglyphidodon lacrymatus,7,0.0612,2.635,8.33,1.7,10.3,Farmer,HerDet,BnthDw,10,28,Otolth
2022,11/9/22,Aride,Site 1,3,60,Pomacentridae,Plectroglyphidodon lacrymatus,8,0.0612,2.635,8.33,2.4,14.7,Farmer,HerDet,BnthDw,10,28,Otolth
2022,11/9/22,Aride,Site 1,3,60,Pomacentridae,Plectroglyphidodon lacrymatus,8,0.0612,2.635,8.33,2.4,14.7,Farmer,HerDet,BnthDw,10,28,Otolth
2022,11/9/22,Aride,Site 1,3,60,Pomacentridae,Plectroglyphidodon lacrymatus,8,0.0612,2.635,8.33,2.4,14.7,Farmer,HerDet,BnthDw,10,28,Otolth
2022,11/9/22,Aride,Site 1,3,60,Pomacentridae,Plectroglyphidodon lacrymatus,8,0.0612,2.635,8.33,2.4,14.7,Farmer,HerDet,BnthDw,10,28,Otolth
2022,11/9/22,Aride,Site 1,3,60,Pomacentridae,Plectroglyphidodon lacrymatus,8,0.0612,2.635,8.33,2.4,14.7,Farmer,HerDet,BnthDw,10,28,Otolth
2022,11/9/22,Aride,Site 1,3,60,Pomacentridae,Plectroglyphidodon lacrymatus,8,0.0612,2.635,8.33,2.4,14.7,Farmer,HerDet,BnthDw,10,28,Otolth
2022,11/9/22,Aride,Site 1,3,60,Pomacentridae,Plectroglyphidodon lacrymatus,8,0.0612,2.635,8.33,2.4,14.7,Farmer,HerDet,BnthDw,10,28,Otolth
2022,11/9/22,Aride,Site 1,3,60,Pomacentridae,Plectroglyphidodon lacrymatus,8,0.0612,2.635,8.33,2.4,14.7,Farmer,HerDet,BnthDw,10,28,Otolth
2022,11/9/22,Aride,Site 1,3,60,Pomacentridae,Plectroglyphidodon lacrymatus,8,0.0612,2.635,8.33,2.4,14.7,Farmer,HerDet,BnthDw,10,28,Otolth
2022,11/9/22,Aride,Site 1,3,60,Pomacentridae,Plectroglyphidodon lacrymatus,8,0.0612,2.635,8.33,2.4,14.7,Farmer,HerDet,BnthDw,10,28,Otolth
2022,11/9/22,Aride,Site 1,3,60,Pomacentridae,Plectroglyphidodon lacrymatus,8,0.0612,2.635,8.33,2.4,14.7,Farmer,HerDet,BnthDw,10,28,Otolth
2022,11/9/22,Aride,Site 1,3,60,Pomacentridae,Plectroglyphidodon lacrymatus,8,0.0612,2.635,8.33,2.4,14.7,Farmer,HerDet,BnthDw,10,28,Otolth
2022,11/9/22,Aride,Site 1,3,60,Pomacentridae,Plectroglyphidodon lacrymatus,8,0.0612,2.635,8.33,2.4,14.7,Farmer,HerDet,BnthDw,10,28,Otolth
2022,11/9/22,Aride,Site 1,3,60,Pomacentridae,Plectroglyphidodon lacrymatus,8,0.0612,2.635,8.33,2.4,14.7,Farmer,HerDet,BnthDw,10,28,Otolth
2022,11/9/22,Aride,Site 1,3,60,Pomacentridae,Plectroglyphidodon lacrymatus,8,0.0612,2.635,8.33,2.4,14.7,Farmer,HerDet,BnthDw,10,28,Otolth
2022,11/9/22,Aride,Site 1,3,60,Pomacentridae,Plectroglyphidodon lacrymatus,8,0.0612,2.635,8.33,2.4,14.7,Farmer,HerDet,BnthDw,10,28,Otolth
2022,11/9/22,Aride,Site 1,4,150,Acanthuridae,Acanthurus nigrofuscus,12,0.0301,2.967,3.33,3.2,47.9,Cropper,HerDet,BtPlDw,21,28,Otolth
2022,11/9/22,Aride,Site 1,4,150,Acanthuridae,Acanthurus tennentii,24,0.0261,3.024,3.33,26,389.4,Cropper,HerDet,BtPlDw,31,28,Otolth
2022,11/9/22,Aride,Site 1,4,150,Acanthuridae,Acanthurus tennentii,24,0.0261,3.024,3.33,26,389.4,Cropper,HerDet,BtPlDw,31,28,Otolth
2022,11/9/22,Aride,Site 1,4,150,Acanthuridae,Acanthurus tennentii,24,0.0261,3.024,3.33,26,389.4,Cropper,HerDet,BtPlDw,31,28,Otolth
2022,11/9/22,Aride,Site 1,4,150,Acanthuridae,Naso elegans,36,0.0497,2.839,3.33,86.8,1302.3,Browser,HerMac,BnthAs,45,28,Otolth
2022,11/9/22,Aride,Site 1,4,150,Acanthuridae,Naso elegans,36,0.0497,2.839,3.33,86.8,1302.3,Browser,HerMac,BnthAs,45,28,Otolth
2022,11/9/22,Aride,Site 1,4,150,Acanthuridae,Naso elegans,36,0.0497,2.839,3.33,86.8,1302.3,Browser,HerMac,BnthAs,45,28,Otolth
2022,11/9/22,Aride,Site 1,4,150,Pomacentridae,Plectroglyphidodon lacrymatus,7,0.0612,2.635,8.33,1.7,10.3,Farmer,HerDet,BnthDw,10,28,Otolth
2022,11/9/22,Aride,Site 1,4,150,Pomacentridae,Plectroglyphidodon lacrymatus,7,0.0612,2.635,8.33,1.7,10.3,Farmer,HerDet,BnthDw,10,28,Otolth
2022,11/9/22,Aride,Site 1,4,150,Pomacentridae,Plectroglyphidodon lacrymatus,7,0.0612,2.635,8.33,1.7,10.3,Farmer,HerDet,BnthDw,10,28,Otolth
2022,11/9/22,Aride,Site 1,4,150,Pomacentridae,Plectroglyphidodon lacrymatus,7,0.0612,2.635,8.33,1.7,10.3,Farmer,HerDet,BnthDw,10,28,Otolth
2022,11/9/22,Aride,Site 1,4,150,Pomacentridae,Plectroglyphidodon lacrymatus,8,0.0612,2.635,8.33,2.4,14.7,Farmer,HerDet,BnthDw,10,28,Otolth
2022,11/9/22,Aride,Site 1,4,150,Scaridae,Chlorurus sordidus,35,0.0182,3.15,3.33,88.7,1330.1,Excavator,HerDet,BtPlDw,40,28,Otolth
2022,11/9/22,Aride,Site 1,4,150,Scaridae,Scarus rubroviolaceus,44,0.0136,3.109,3.33,116.7,1750,Scraper,HerDet,BtPlDw,70,28,Otolth
2022,11/9/22,Aride,Site 1,4,150,Scaridae,Scarus rubroviolaceus,50,0.0136,3.109,3.33,173.6,2604,Scraper,HerDet,BtPlDw,70,28,Otolth
2022,11/11/22,Cousine,Site 1,1,150,Acanthuridae,Ctenochaetus binotatus,12,0.081,2.59,3.33,3.4,50.5,Brusher,HerDet,BtPlDw,22,28,Otolth
2022,11/11/22,Cousine,Site 1,1,150,Acanthuridae,Ctenochaetus binotatus,12,0.081,2.59,3.33,3.4,50.5,Brusher,HerDet,BtPlDw,22,28,Otolth
2022,11/11/22,Cousine,Site 1,1,150,Acanthuridae,Ctenochaetus truncatus,12,0.0254,3.027,3.33,3.1,46.9,Brusher,HerDet,BtPlDw,16,28,Otolth
2022,11/11/22,Cousine,Site 1,1,150,Acanthuridae,Ctenochaetus truncatus,13,0.0254,3.027,3.33,4,59.8,Brusher,HerDet,BtPlDw,16,28,Otolth
2022,11/11/22,Cousine,Site 1,1,150,Acanthuridae,Ctenochaetus truncatus,14,0.0254,3.027,3.33,5,74.8,Brusher,HerDet,BtPlDw,16,28,Otolth
2022,11/11/22,Cousine,Site 1,1,150,Scaridae,Chlorurus sordidus,14,0.0182,3.15,3.33,4.9,74.2,Excavator,HerDet,BtPlDw,40,28,Otolth
2022,11/11/22,Cousine,Site 1,1,150,Scaridae,Chlorurus sordidus,14,0.0182,3.15,3.33,4.9,74.2,Excavator,HerDet,BtPlDw,40,28,Otolth
2022,11/11/22,Cousine,Site 1,1,150,Scaridae,Chlorurus sordidus,16,0.0182,3.15,3.33,7.5,113,Excavator,HerDet,BtPlDw,40,28,Otolth
2022,11/11/22,Cousine,Site 1,1,150,Scaridae,Chlorurus sordidus,17,0.0182,3.15,3.33,9.1,136.8,Excavator,HerDet,BtPlDw,40,28,Otolth
2022,11/11/22,Cousine,Site 1,1,150,Scaridae,Chlorurus sordidus,35,0.0182,3.15,3.33,88.7,1330.1,Excavator,HerDet,BtPlDw,40,28,Otolth
2022,11/11/22,Cousine,Site 1,1,150,Scaridae,Chlorurus sordidus,35,0.0182,3.15,3.33,88.7,1330.1,Excavator,HerDet,BtPlDw,40,28,Otolth
2022,11/11/22,Cousine,Site 1,1,150,Scaridae,Scarus caudofasciatus,46,0.0136,3.109,3.33,134,2009.3,Scraper,HerDet,BtPlDw,50,28,Otolth
2022,11/11/22,Cousine,Site 1,1,150,Scaridae,Scarus frenatus,42,0.0169,3.049,3.33,100.2,1503.7,Scraper,HerDet,BtPlDw,47,28,Otolth
2022,11/11/22,Cousine,Site 1,1,150,Scaridae,Scarus prasiognathus,14,0.0142,3.14,3.33,3.8,56.4,Scraper,HerDet,BtPlDw,70,28,Otolth
2022,11/11/22,Cousine,Site 1,1,150,Scaridae,Scarus prasiognathus,15,0.0142,3.14,3.33,4.7,70,Scraper,HerDet,BtPlDw,70,28,Otolth
2022,11/11/22,Cousine,Site 1,1,150,Scaridae,Scarus rubroviolaceus,46,0.0136,3.109,3.33,134,2009.3,Scraper,HerDet,BtPlDw,70,28,Otolth
2022,11/11/22,Cousine,Site 1,1,60,Pomacentridae,Plectroglyphidodon lacrymatus,7,0.0612,2.635,8.33,1.7,10.3,Farmer,HerDet,BnthDw,10,28,Otolth
2022,11/11/22,Cousine,Site 1,1,60,Pomacentridae,Plectroglyphidodon lacrymatus,7,0.0612,2.635,8.33,1.7,10.3,Farmer,HerDet,BnthDw,10,28,Otolth
2022,11/11/22,Cousine,Site 1,1,60,Pomacentridae,Plectroglyphidodon lacrymatus,8,0.0612,2.635,8.33,2.4,14.7,Farmer,HerDet,BnthDw,10,28,Otolth
2022,11/11/22,Cousine,Site 1,1,60,Pomacentridae,Stegastes nigricans,7,0.022,3.086,8.33,1.5,8.9,Farmer,HerDet,BnthDw,14,28,Otolth
2022,11/11/22,Cousine,Site 1,1,60,Pomacentridae,Stegastes nigricans,7,0.022,3.086,8.33,1.5,8.9,Farmer,HerDet,BnthDw,14,28,Otolth
2022,11/11/22,Cousine,Site 1,1,60,Pomacentridae,Stegastes nigricans,8,0.022,3.086,8.33,2.2,13.5,Farmer,HerDet,BnthDw,14,28,Otolth
2022,11/11/22,Cousine,Site 1,1,60,Pomacentridae,Stegastes nigricans,8,0.022,3.086,8.33,2.2,13.5,Farmer,HerDet,BnthDw,14,28,Otolth
2022,11/11/22,Cousine,Site 1,1,60,Pomacentridae,Stegastes nigricans,8,0.022,3.086,8.33,2.2,13.5,Farmer,HerDet,BnthDw,14,28,Otolth
2022,11/11/22,Cousine,Site 1,1,60,Pomacentridae,Stegastes nigricans,8,0.022,3.086,8.33,2.2,13.5,Farmer,HerDet,BnthDw,14,28,Otolth
2022,11/11/22,Cousine,Site 1,1,60,Pomacentridae,Stegastes nigricans,8,0.022,3.086,8.33,2.2,13.5,Farmer,HerDet,BnthDw,14,28,Otolth
2022,11/11/22,Cousine,Site 1,1,60,Pomacentridae,Stegastes nigricans,8,0.022,3.086,8.33,2.2,13.5,Farmer,HerDet,BnthDw,14,28,Otolth
2022,11/11/22,Cousine,Site 1,1,60,Pomacentridae,Stegastes nigricans,8,0.022,3.086,8.33,2.2,13.5,Farmer,HerDet,BnthDw,14,28,Otolth
2022,11/11/22,Cousine,Site 1,1,60,Pomacentridae,Stegastes nigricans,8,0.022,3.086,8.33,2.2,13.5,Farmer,HerDet,BnthDw,14,28,Otolth
2022,11/11/22,Cousine,Site 1,1,60,Pomacentridae,Stegastes nigricans,8,0.022,3.086,8.33,2.2,13.5,Farmer,HerDet,BnthDw,14,28,Otolth
2022,11/11/22,Cousine,Site 1,1,60,Pomacentridae,Stegastes nigricans,9,0.022,3.086,8.33,3.2,19.4,Farmer,HerDet,BnthDw,14,28,Otolth
2022,11/11/22,Cousine,Site 1,1,60,Pomacentridae,Stegastes nigricans,9,0.022,3.086,8.33,3.2,19.4,Farmer,HerDet,BnthDw,14,28,Otolth
2022,11/11/22,Cousine,Site 1,1,60,Pomacentridae,Stegastes nigricans,9,0.022,3.086,8.33,3.2,19.4,Farmer,HerDet,BnthDw,14,28,Otolth
2022,11/11/22,Cousine,Site 1,2,150,Acanthuridae,Acanthurus nigrofuscus,14,0.0301,2.967,3.33,5,75.7,Cropper,HerDet,BtPlDw,21,28,Otolth
2022,11/11/22,Cousine,Site 1,2,150,Acanthuridae,Acanthurus xanthopteus,28,0.0459,2.83,3.33,38.1,571.8,Cropper,HerDet,BtPlDw,70,28,Otolth
2022,11/11/22,Cousine,Site 1,2,150,Acanthuridae,Ctenochaetus truncatus,12,0.0254,3.027,3.33,3.1,46.9,Brusher,HerDet,BtPlDw,16,28,Otolth
2022,11/11/22,Cousine,Site 1,2,150,Acanthuridae,Ctenochaetus truncatus,13,0.0254,3.027,3.33,4,59.8,Brusher,HerDet,BtPlDw,16,28,Otolth
2022,11/11/22,Cousine,Site 1,2,150,Acanthuridae,Ctenochaetus truncatus,14,0.0254,3.027,3.33,5,74.8,Brusher,HerDet,BtPlDw,16,28,Otolth
2022,11/11/22,Cousine,Site 1,2,150,Acanthuridae,Ctenochaetus truncatus,14,0.0254,3.027,3.33,5,74.8,Brusher,HerDet,BtPlDw,16,28,Otolth
2022,11/11/22,Cousine,Site 1,2,150,Acanthuridae,Zebrasoma scopas,12,0.04,2.867,3.33,3.3,49.7,Cropper,HerDet,BtPlDw,25,28,Otolth
2022,11/11/22,Cousine,Site 1,2,150,Scaridae,Calotomus carolinus,48,0.0122,3.167,3.33,171.7,2575.4,Browser,HerMac,BtPlDw,54,28,Otolth
2022,11/11/22,Cousine,Site 1,2,150,Scaridae,Chlorurus sordidus,17,0.0182,3.15,3.33,9.1,136.8,Excavator,HerDet,BtPlDw,40,28,Otolth
2022,11/11/22,Cousine,Site 1,2,150,Scaridae,Chlorurus sordidus,20,0.0182,3.15,3.33,15.2,228.2,Excavator,HerDet,BtPlDw,40,28,Otolth
2022,11/11/22,Cousine,Site 1,2,150,Scaridae,Chlorurus sordidus,24,0.0182,3.15,3.33,27,405.3,Excavator,HerDet,BtPlDw,40,28,Otolth
2022,11/11/22,Cousine,Site 1,2,150,Scaridae,Chlorurus sordidus,25,0.0182,3.15,3.33,30.7,460.9,Excavator,HerDet,BtPlDw,40,28,Otolth
2022,11/11/22,Cousine,Site 1,2,150,Scaridae,Chlorurus sordidus,30,0.0182,3.15,3.33,54.6,818.5,Excavator,HerDet,BtPlDw,40,28,Otolth
2022,11/11/22,Cousine,Site 1,2,150,Scaridae,Chlorurus sordidus,35,0.0182,3.15,3.33,88.7,1330.1,Excavator,HerDet,BtPlDw,40,28,Otolth
2022,11/11/22,Cousine,Site 1,2,150,Scaridae,Chlorurus sordidus,38,0.0182,3.15,3.33,114.9,1723.4,Excavator,HerDet,BtPlDw,40,28,Otolth
2022,11/11/22,Cousine,Site 1,2,150,Scaridae,Scarus caudofasciatus,42,0.0136,3.109,3.33,101,1514.3,Scraper,HerDet,BtPlDw,50,28,Otolth
2022,11/11/22,Cousine,Site 1,2,150,Scaridae,Scarus frenatus,30,0.0169,3.049,3.33,35.9,539.1,Scraper,HerDet,BtPlDw,47,28,Otolth
2022,11/11/22,Cousine,Site 1,2,150,Scaridae,Scarus frenatus,46,0.0169,3.049,3.33,132.3,1984.4,Scraper,HerDet,BtPlDw,47,28,Otolth
2022,11/11/22,Cousine,Site 1,2,150,Scaridae,Scarus rubroviolaceus,14,0.0136,3.109,3.33,3.3,49.8,Scraper,HerDet,BtPlDw,70,28,Otolth
2022,11/11/22,Cousine,Site 1,2,150,Scaridae,Scarus rubroviolaceus,14,0.0136,3.109,3.33,3.3,49.8,Scraper,HerDet,BtPlDw,70,28,Otolth
2022,11/11/22,Cousine,Site 1,2,150,Scaridae,Scarus rubroviolaceus,32,0.0136,3.109,3.33,43.3,650.2,Scraper,HerDet,BtPlDw,70,28,Otolth
2022,11/11/22,Cousine,Site 1,2,60,Pomacentridae,Plectroglyphidodon lacrymatus,7,0.0612,2.635,8.33,1.7,10.3,Farmer,HerDet,BnthDw,10,28,Otolth
2022,11/11/22,Cousine,Site 1,2,60,Pomacentridae,Plectroglyphidodon lacrymatus,8,0.0612,2.635,8.33,2.4,14.7,Farmer,HerDet,BnthDw,10,28,Otolth
2022,11/11/22,Cousine,Site 1,2,60,Pomacentridae,Plectroglyphidodon lacrymatus,8,0.0612,2.635,8.33,2.4,14.7,Farmer,HerDet,BnthDw,10,28,Otolth
2022,11/11/22,Cousine,Site 1,2,60,Pomacentridae,Plectroglyphidodon lacrymatus,8,0.0612,2.635,8.33,2.4,14.7,Farmer,HerDet,BnthDw,10,28,Otolth
2022,11/11/22,Cousine,Site 1,2,60,Pomacentridae,Plectroglyphidodon lacrymatus,8,0.0612,2.635,8.33,2.4,14.7,Farmer,HerDet,BnthDw,10,28,Otolth
2022,11/11/22,Cousine,Site 1,2,60,Pomacentridae,Plectroglyphidodon lacrymatus,9,0.0612,2.635,8.33,3.3,20,Farmer,HerDet,BnthDw,10,28,Otolth
2022,11/11/22,Cousine,Site 1,2,60,Pomacentridae,Stegastes nigricans,7,0.022,3.086,8.33,1.5,8.9,Farmer,HerDet,BnthDw,14,28,Otolth
2022,11/11/22,Cousine,Site 1,2,60,Pomacentridae,Stegastes nigricans,8,0.022,3.086,8.33,2.2,13.5,Farmer,HerDet,BnthDw,14,28,Otolth
2022,11/11/22,Cousine,Site 1,2,60,Pomacentridae,Stegastes nigricans,8,0.022,3.086,8.33,2.2,13.5,Farmer,HerDet,BnthDw,14,28,Otolth
2022,11/11/22,Cousine,Site 1,2,60,Pomacentridae,Stegastes nigricans,9,0.022,3.086,8.33,3.2,19.4,Farmer,HerDet,BnthDw,14,28,Otolth
2022,11/11/22,Cousine,Site 1,2,60,Pomacentridae,Stegastes nigricans,9,0.022,3.086,8.33,3.2,19.4,Farmer,HerDet,BnthDw,14,28,Otolth
2022,11/11/22,Cousine,Site 1,2,60,Pomacentridae,Stegastes nigricans,9,0.022,3.086,8.33,3.2,19.4,Farmer,HerDet,BnthDw,14,28,Otolth
2022,11/11/22,Cousine,Site 1,3,150,Acanthuridae,Acanthurus tennentii,19,0.0261,3.024,3.33,12.8,192.1,Cropper,HerDet,BtPlDw,31,28,Otolth
2022,11/11/22,Cousine,Site 1,3,150,Acanthuridae,Acanthurus tennentii,28,0.0261,3.024,3.33,41.4,620.6,Cropper,HerDet,BtPlDw,31,28,Otolth
2022,11/11/22,Cousine,Site 1,3,150,Acanthuridae,Acanthurus triostegus,15,0.1317,2.392,3.33,5.7,85.7,Cropper,HerDet,BtPlDw,27,28,Otolth
2022,11/11/22,Cousine,Site 1,3,150,Acanthuridae,Ctenochaetus binotatus,13,0.081,2.59,3.33,4.1,62.2,Brusher,HerDet,BtPlDw,22,28,Otolth
2022,11/11/22,Cousine,Site 1,3,150,Acanthuridae,Ctenochaetus binotatus,13,0.081,2.59,3.33,4.1,62.2,Brusher,HerDet,BtPlDw,22,28,Otolth
2022,11/11/22,Cousine,Site 1,3,150,Acanthuridae,Ctenochaetus binotatus,14,0.081,2.59,3.33,5,75.3,Brusher,HerDet,BtPlDw,22,28,Otolth
2022,11/11/22,Cousine,Site 1,3,150,Acanthuridae,Ctenochaetus binotatus,14,0.081,2.59,3.33,5,75.3,Brusher,HerDet,BtPlDw,22,28,Otolth
2022,11/11/22,Cousine,Site 1,3,150,Acanthuridae,Ctenochaetus striatus,14,0.0254,3.027,3.33,5,74.8,Brusher,HerDet,BtPlDw,26,28,Otolth
2022,11/11/22,Cousine,Site 1,3,150,Acanthuridae,Ctenochaetus striatus,14,0.0254,3.027,3.33,5,74.8,Brusher,HerDet,BtPlDw,26,28,Otolth
2022,11/11/22,Cousine,Site 1,3,150,Acanthuridae,Ctenochaetus truncatus,15,0.0254,3.027,3.33,6.1,92.2,Brusher,HerDet,BtPlDw,16,28,Otolth
2022,11/11/22,Cousine,Site 1,3,150,Acanthuridae,Zebrasoma scopas,11,0.04,2.867,3.33,2.6,38.7,Cropper,HerDet,BtPlDw,25,28,Otolth
2022,11/11/22,Cousine,Site 1,3,150,Scaridae,Chlorurus sordidus,12,0.0182,3.15,3.33,3,45.7,Excavator,HerDet,BtPlDw,40,28,Otolth
2022,11/11/22,Cousine,Site 1,3,150,Scaridae,Chlorurus sordidus,14,0.0182,3.15,3.33,4.9,74.2,Excavator,HerDet,BtPlDw,40,28,Otolth
2022,11/11/22,Cousine,Site 1,3,150,Scaridae,Chlorurus sordidus,32,0.0182,3.15,3.33,66.9,1003,Excavator,HerDet,BtPlDw,40,28,Otolth
2022,11/11/22,Cousine,Site 1,3,150,Scaridae,Chlorurus sordidus,35,0.0182,3.15,3.33,88.7,1330.1,Excavator,HerDet,BtPlDw,40,28,Otolth
2022,11/11/22,Cousine,Site 1,3,150,Scaridae,Chlorurus sordidus,36,0.0182,3.15,3.33,96.9,1453.5,Excavator,HerDet,BtPlDw,40,28,Otolth
2022,11/11/22,Cousine,Site 1,3,150,Scaridae,Scarus frenatus,42,0.0169,3.049,3.33,100.2,1503.7,Scraper,HerDet,BtPlDw,47,28,Otolth
2022,11/11/22,Cousine,Site 1,3,150,Scaridae,Scarus prasiognathus,52,0.0142,3.14,3.33,231.4,3471.7,Scraper,HerDet,BtPlDw,70,28,Otolth
2022,11/11/22,Cousine,Site 1,3,150,Scaridae,Scarus psittacus,32,0.0222,2.982,3.33,45.6,683.5,Scraper,HerDet,BtPlDw,35,28,Otolth
2022,11/11/22,Cousine,Site 1,3,150,Scaridae,Scarus rubroviolaceus,22,0.0136,3.109,3.33,13.5,202.8,Scraper,HerDet,BtPlDw,70,28,Otolth
2022,11/11/22,Cousine,Site 1,3,150,Scaridae,Scarus rubroviolaceus,36,0.0136,3.109,3.33,62.5,937.7,Scraper,HerDet,BtPlDw,70,28,Otolth
2022,11/11/22,Cousine,Site 1,3,60,Pomacentridae,Plectroglyphidodon lacrymatus,7,0.0612,2.635,8.33,1.7,10.3,Farmer,HerDet,BnthDw,10,28,Otolth
2022,11/11/22,Cousine,Site 1,3,60,Pomacentridae,Plectroglyphidodon lacrymatus,7,0.0612,2.635,8.33,1.7,10.3,Farmer,HerDet,BnthDw,10,28,Otolth
2022,11/11/22,Cousine,Site 1,3,60,Pomacentridae,Plectroglyphidodon lacrymatus,7,0.0612,2.635,8.33,1.7,10.3,Farmer,HerDet,BnthDw,10,28,Otolth
2022,11/11/22,Cousine,Site 1,3,60,Pomacentridae,Plectroglyphidodon lacrymatus,8,0.0612,2.635,8.33,2.4,14.7,Farmer,HerDet,BnthDw,10,28,Otolth
2022,11/11/22,Cousine,Site 1,3,60,Pomacentridae,Plectroglyphidodon lacrymatus,8,0.0612,2.635,8.33,2.4,14.7,Farmer,HerDet,BnthDw,10,28,Otolth
2022,11/11/22,Cousine,Site 1,3,60,Pomacentridae,Plectroglyphidodon lacrymatus,8,0.0612,2.635,8.33,2.4,14.7,Farmer,HerDet,BnthDw,10,28,Otolth
2022,11/11/22,Cousine,Site 1,3,60,Pomacentridae,Plectroglyphidodon lacrymatus,8,0.0612,2.635,8.33,2.4,14.7,Farmer,HerDet,BnthDw,10,28,Otolth
2022,11/11/22,Cousine,Site 1,3,60,Pomacentridae,Plectroglyphidodon lacrymatus,8,0.0612,2.635,8.33,2.4,14.7,Farmer,HerDet,BnthDw,10,28,Otolth
2022,11/11/22,Cousine,Site 1,3,60,Pomacentridae,Stegastes nigricans,8,0.022,3.086,8.33,2.2,13.5,Farmer,HerDet,BnthDw,14,28,Otolth
2022,11/11/22,Cousine,Site 1,3,60,Pomacentridae,Stegastes nigricans,8,0.022,3.086,8.33,2.2,13.5,Farmer,HerDet,BnthDw,14,28,Otolth
2022,11/11/22,Cousine,Site 1,4,150,Acanthuridae,Acanthurus triostegus,17,0.1317,2.392,3.33,7.7,115.6,Cropper,HerDet,BtPlDw,27,28,Otolth
2022,11/11/22,Cousine,Site 1,4,150,Scaridae,Chlorurus sordidus,10,0.0182,3.15,3.33,1.7,25.7,Excavator,HerDet,BtPlDw,40,28,Otolth
2022,11/11/22,Cousine,Site 1,4,150,Scaridae,Chlorurus sordidus,10,0.0182,3.15,3.33,1.7,25.7,Excavator,HerDet,BtPlDw,40,28,Otolth
2022,11/11/22,Cousine,Site 1,4,150,Scaridae,Chlorurus sordidus,11,0.0182,3.15,3.33,2.3,34.7,Excavator,HerDet,BtPlDw,40,28,Otolth
2022,11/11/22,Cousine,Site 1,4,150,Scaridae,Chlorurus sordidus,12,0.0182,3.15,3.33,3,45.7,Excavator,HerDet,BtPlDw,40,28,Otolth
2022,11/11/22,Cousine,Site 1,4,150,Scaridae,Chlorurus sordidus,12,0.0182,3.15,3.33,3,45.7,Excavator,HerDet,BtPlDw,40,28,Otolth
2022,11/11/22,Cousine,Site 1,4,150,Scaridae,Chlorurus sordidus,13,0.0182,3.15,3.33,3.9,58.7,Excavator,HerDet,BtPlDw,40,28,Otolth
2022,11/11/22,Cousine,Site 1,4,150,Scaridae,Chlorurus sordidus,14,0.0182,3.15,3.33,4.9,74.2,Excavator,HerDet,BtPlDw,40,28,Otolth
2022,11/11/22,Cousine,Site 1,4,150,Scaridae,Chlorurus sordidus,14,0.0182,3.15,3.33,4.9,74.2,Excavator,HerDet,BtPlDw,40,28,Otolth
2022,11/11/22,Cousine,Site 1,4,150,Scaridae,Chlorurus sordidus,16,0.0182,3.15,3.33,7.5,113,Excavator,HerDet,BtPlDw,40,28,Otolth
2022,11/11/22,Cousine,Site 1,4,150,Scaridae,Scarus rubroviolaceus,14,0.0136,3.109,3.33,3.3,49.8,Scraper,HerDet,BtPlDw,70,28,Otolth
2022,11/11/22,Cousine,Site 1,4,150,Scaridae,Scarus rubroviolaceus,14,0.0136,3.109,3.33,3.3,49.8,Scraper,HerDet,BtPlDw,70,28,Otolth
2022,11/11/22,Cousine,Site 1,4,150,Scaridae,Scarus rubroviolaceus,32,0.0136,3.109,3.33,43.3,650.2,Scraper,HerDet,BtPlDw,70,28,Otolth
2022,11/11/22,Cousine,Site 1,4,150,Scaridae,Scarus rubroviolaceus,34,0.0136,3.109,3.33,52.3,785.1,Scraper,HerDet,BtPlDw,70,28,Otolth
2022,11/11/22,Cousine,Site 1,4,60,Pomacentridae,Plectroglyphidodon lacrymatus,6,0.0612,2.635,8.33,1.1,6.9,Farmer,HerDet,BnthDw,10,28,Otolth
2022,11/11/22,Cousine,Site 1,4,60,Pomacentridae,Plectroglyphidodon lacrymatus,6,0.0612,2.635,8.33,1.1,6.9,Farmer,HerDet,BnthDw,10,28,Otolth
2022,11/11/22,Cousine,Site 1,4,60,Pomacentridae,Plectroglyphidodon lacrymatus,6,0.0612,2.635,8.33,1.1,6.9,Farmer,HerDet,BnthDw,10,28,Otolth
2022,11/11/22,Cousine,Site 1,4,60,Pomacentridae,Plectroglyphidodon lacrymatus,7,0.0612,2.635,8.33,1.7,10.3,Farmer,HerDet,BnthDw,10,28,Otolth
2022,11/11/22,Cousine,Site 1,4,60,Pomacentridae,Plectroglyphidodon lacrymatus,7,0.0612,2.635,8.33,1.7,10.3,Farmer,HerDet,BnthDw,10,28,Otolth
2022,11/11/22,Cousine,Site 1,4,60,Pomacentridae,Plectroglyphidodon lacrymatus,8,0.0612,2.635,8.33,2.4,14.7,Farmer,HerDet,BnthDw,10,28,Otolth
2022,11/11/22,Cousine,Site 1,4,60,Pomacentridae,Plectroglyphidodon lacrymatus,8,0.0612,2.635,8.33,2.4,14.7,Farmer,HerDet,BnthDw,10,28,Otolth
2022,11/11/22,Cousine,Site 1,4,60,Pomacentridae,Plectroglyphidodon lacrymatus,8,0.0612,2.635,8.33,2.4,14.7,Farmer,HerDet,BnthDw,10,28,Otolth
2022,11/11/22,Cousine,Site 1,4,60,Pomacentridae,Plectroglyphidodon lacrymatus,8,0.0612,2.635,8.33,2.4,14.7,Farmer,HerDet,BnthDw,10,28,Otolth
2022,11/11/22,Cousine,Site 1,4,60,Pomacentridae,Plectroglyphidodon lacrymatus,8,0.0612,2.635,8.33,2.4,14.7,Farmer,HerDet,BnthDw,10,28,Otolth
2022,11/11/22,Cousine,Site 1,4,60,Pomacentridae,Plectroglyphidodon lacrymatus,8,0.0612,2.635,8.33,2.4,14.7,Farmer,HerDet,BnthDw,10,28,Otolth
2022,11/11/22,Cousine,Site 1,4,60,Pomacentridae,Stegastes nigricans,9,0.022,3.086,8.33,3.2,19.4,Farmer,HerDet,BnthDw,14,28,Otolth
2022,11/15/22,Felicite,Site 1,1,150,Acanthuridae,Acanthurus nigrofuscus,14,0.0301,2.967,3.33,5,75.7,Cropper,HerDet,BtPlDw,21,28,Otolth
2022,11/15/22,Felicite,Site 1,1,150,Acanthuridae,Acanthurus triostegus,12,0.1317,2.392,3.33,3.3,50.2,Cropper,HerDet,BtPlDw,27,28,Otolth
2022,11/15/22,Felicite,Site 1,1,150,Acanthuridae,Acanthurus triostegus,13,0.1317,2.392,3.33,4.1,60.8,Cropper,HerDet,BtPlDw,27,28,Otolth
2022,11/15/22,Felicite,Site 1,1,150,Acanthuridae,Acanthurus triostegus,14,0.1317,2.392,3.33,4.8,72.6,Cropper,HerDet,BtPlDw,27,28,Otolth
2022,11/15/22,Felicite,Site 1,1,150,Acanthuridae,Ctenochaetus striatus,12,0.0254,3.027,3.33,3.1,46.9,Brusher,HerDet,BtPlDw,26,28,Otolth
2022,11/15/22,Felicite,Site 1,1,150,Acanthuridae,Ctenochaetus striatus,12,0.0254,3.027,3.33,3.1,46.9,Brusher,HerDet,BtPlDw,26,28,Otolth
2022,11/15/22,Felicite,Site 1,1,150,Acanthuridae,Ctenochaetus truncatus,8,0.0254,3.027,3.33,0.9,13.8,Brusher,HerDet,BtPlDw,16,28,Otolth
2022,11/15/22,Felicite,Site 1,1,150,Acanthuridae,Ctenochaetus truncatus,10,0.0254,3.027,3.33,1.8,27,Brusher,HerDet,BtPlDw,16,28,Otolth
2022,11/15/22,Felicite,Site 1,1,150,Acanthuridae,Ctenochaetus truncatus,10,0.0254,3.027,3.33,1.8,27,Brusher,HerDet,BtPlDw,16,28,Otolth
2022,11/15/22,Felicite,Site 1,1,150,Acanthuridae,Ctenochaetus truncatus,12,0.0254,3.027,3.33,3.1,46.9,Brusher,HerDet,BtPlDw,16,28,Otolth
2022,11/15/22,Felicite,Site 1,1,150,Acanthuridae,Ctenochaetus truncatus,13,0.0254,3.027,3.33,4,59.8,Brusher,HerDet,BtPlDw,16,28,Otolth
2022,11/15/22,Felicite,Site 1,1,150,Acanthuridae,Ctenochaetus truncatus,14,0.0254,3.027,3.33,5,74.8,Brusher,HerDet,BtPlDw,16,28,Otolth
2022,11/15/22,Felicite,Site 1,1,150,Scaridae,Chlorurus atrilunula,19,0.0182,3.15,3.33,12.9,194.2,Excavator,HerDet,BtPlDw,38,28,Otolth
2022,11/15/22,Felicite,Site 1,1,150,Scaridae,Chlorurus atrilunula,26,0.0182,3.15,3.33,34.8,521.5,Excavator,HerDet,BtPlDw,38,28,Otolth
2022,11/15/22,Felicite,Site 1,1,150,Scaridae,Chlorurus sordidus,16,0.0182,3.15,3.33,7.5,113,Excavator,HerDet,BtPlDw,40,28,Otolth
2022,11/15/22,Felicite,Site 1,1,150,Scaridae,Chlorurus sordidus,29,0.0182,3.15,3.33,49,735.6,Excavator,HerDet,BtPlDw,40,28,Otolth
2022,11/15/22,Felicite,Site 1,1,60,Pomacentridae,Plectroglyphidodon lacrymatus,6,0.0612,2.635,8.33,1.1,6.9,Farmer,HerDet,BnthDw,10,28,Otolth
2022,11/15/22,Felicite,Site 1,1,60,Pomacentridae,Plectroglyphidodon lacrymatus,6,0.0612,2.635,8.33,1.1,6.9,Farmer,HerDet,BnthDw,10,28,Otolth
2022,11/15/22,Felicite,Site 1,1,60,Pomacentridae,Plectroglyphidodon lacrymatus,6,0.0612,2.635,8.33,1.1,6.9,Farmer,HerDet,BnthDw,10,28,Otolth
2022,11/15/22,Felicite,Site 1,1,60,Pomacentridae,Plectroglyphidodon lacrymatus,7,0.0612,2.635,8.33,1.7,10.3,Farmer,HerDet,BnthDw,10,28,Otolth
2022,11/15/22,Felicite,Site 1,1,60,Pomacentridae,Plectroglyphidodon lacrymatus,7,0.0612,2.635,8.33,1.7,10.3,Farmer,HerDet,BnthDw,10,28,Otolth
2022,11/15/22,Felicite,Site 1,1,60,Pomacentridae,Plectroglyphidodon lacrymatus,7,0.0612,2.635,8.33,1.7,10.3,Farmer,HerDet,BnthDw,10,28,Otolth
2022,11/15/22,Felicite,Site 1,1,60,Pomacentridae,Plectroglyphidodon lacrymatus,7,0.0612,2.635,8.33,1.7,10.3,Farmer,HerDet,BnthDw,10,28,Otolth
2022,11/15/22,Felicite,Site 1,1,60,Pomacentridae,Plectroglyphidodon lacrymatus,7,0.0612,2.635,8.33,1.7,10.3,Farmer,HerDet,BnthDw,10,28,Otolth
2022,11/15/22,Felicite,Site 1,1,60,Pomacentridae,Plectroglyphidodon lacrymatus,7,0.0612,2.635,8.33,1.7,10.3,Farmer,HerDet,BnthDw,10,28,Otolth
2022,11/15/22,Felicite,Site 1,1,60,Pomacentridae,Plectroglyphidodon lacrymatus,7,0.0612,2.635,8.33,1.7,10.3,Farmer,HerDet,BnthDw,10,28,Otolth
2022,11/15/22,Felicite,Site 1,1,60,Pomacentridae,Plectroglyphidodon lacrymatus,7,0.0612,2.635,8.33,1.7,10.3,Farmer,HerDet,BnthDw,10,28,Otolth
2022,11/15/22,Felicite,Site 1,1,60,Pomacentridae,Plectroglyphidodon lacrymatus,7,0.0612,2.635,8.33,1.7,10.3,Farmer,HerDet,BnthDw,10,28,Otolth
2022,11/15/22,Felicite,Site 1,1,60,Pomacentridae,Plectroglyphidodon lacrymatus,7,0.0612,2.635,8.33,1.7,10.3,Farmer,HerDet,BnthDw,10,28,Otolth
2022,11/15/22,Felicite,Site 1,1,60,Pomacentridae,Plectroglyphidodon lacrymatus,7,0.0612,2.635,8.33,1.7,10.3,Farmer,HerDet,BnthDw,10,28,Otolth
2022,11/15/22,Felicite,Site 1,1,60,Pomacentridae,Plectroglyphidodon lacrymatus,8,0.0612,2.635,8.33,2.4,14.7,Farmer,HerDet,BnthDw,10,28,Otolth
2022,11/15/22,Felicite,Site 1,1,60,Pomacentridae,Plectroglyphidodon lacrymatus,8,0.0612,2.635,8.33,2.4,14.7,Farmer,HerDet,BnthDw,10,28,Otolth
2022,11/15/22,Felicite,Site 1,1,60,Pomacentridae,Plectroglyphidodon lacrymatus,8,0.0612,2.635,8.33,2.4,14.7,Farmer,HerDet,BnthDw,10,28,Otolth
2022,11/15/22,Felicite,Site 1,2,150,Acanthuridae,Acanthurus leucosternon,15,0.1317,2.392,3.33,5.7,85.7,Cropper,HerDet,BtPlDw,54,28,Otolth
2022,11/15/22,Felicite,Site 1,2,150,Acanthuridae,Acanthurus nigrofuscus,13,0.0301,2.967,3.33,4.1,60.8,Cropper,HerDet,BtPlDw,21,28,Otolth
2022,11/15/22,Felicite,Site 1,2,150,Acanthuridae,Acanthurus nigrofuscus,14,0.0301,2.967,3.33,5,75.7,Cropper,HerDet,BtPlDw,21,28,Otolth
2022,11/15/22,Felicite,Site 1,2,150,Acanthuridae,Acanthurus nigrofuscus,14,0.0301,2.967,3.33,5,75.7,Cropper,HerDet,BtPlDw,21,28,Otolth
2022,11/15/22,Felicite,Site 1,2,150,Acanthuridae,Acanthurus nigrofuscus,14,0.0301,2.967,3.33,5,75.7,Cropper,HerDet,BtPlDw,21,28,Otolth
2022,11/15/22,Felicite,Site 1,2,150,Acanthuridae,Acanthurus nigrofuscus,14,0.0301,2.967,3.33,5,75.7,Cropper,HerDet,BtPlDw,21,28,Otolth
2022,11/15/22,Felicite,Site 1,2,150,Acanthuridae,Acanthurus nigrofuscus,15,0.0301,2.967,3.33,6.2,92.9,Cropper,HerDet,BtPlDw,21,28,Otolth
2022,11/15/22,Felicite,Site 1,2,150,Acanthuridae,Acanthurus triostegus,13,0.1317,2.392,3.33,4.1,60.8,Cropper,HerDet,BtPlDw,27,28,Otolth
2022,11/15/22,Felicite,Site 1,2,150,Acanthuridae,Acanthurus triostegus,14,0.1317,2.392,3.33,4.8,72.6,Cropper,HerDet,BtPlDw,27,28,Otolth
2022,11/15/22,Felicite,Site 1,2,150,Acanthuridae,Acanthurus triostegus,16,0.1317,2.392,3.33,6.7,100,Cropper,HerDet,BtPlDw,27,28,Otolth
2022,11/15/22,Felicite,Site 1,2,150,Acanthuridae,Ctenochaetus striatus,14,0.0254,3.027,3.33,5,74.8,Brusher,HerDet,BtPlDw,26,28,Otolth
2022,11/15/22,Felicite,Site 1,2,150,Scaridae,Chlorurus atrilunula,10,0.0182,3.15,3.33,1.7,25.7,Excavator,HerDet,BtPlDw,38,28,Otolth
2022,11/15/22,Felicite,Site 1,2,150,Scaridae,Chlorurus sordidus,16,0.0182,3.15,3.33,7.5,113,Excavator,HerDet,BtPlDw,40,28,Otolth
2022,11/15/22,Felicite,Site 1,2,150,Scaridae,Chlorurus sordidus,20,0.0182,3.15,3.33,15.2,228.2,Excavator,HerDet,BtPlDw,40,28,Otolth
2022,11/15/22,Felicite,Site 1,2,150,Scaridae,Scarus rubroviolaceus,13,0.0136,3.109,3.33,2.6,39.5,Scraper,HerDet,BtPlDw,70,28,Otolth
2022,11/15/22,Felicite,Site 1,2,150,Scaridae,Scarus rubroviolaceus,14,0.0136,3.109,3.33,3.3,49.8,Scraper,HerDet,BtPlDw,70,28,Otolth
2022,11/15/22,Felicite,Site 1,2,150,Scaridae,Scarus rubroviolaceus,19,0.0136,3.109,3.33,8.6,128.6,Scraper,HerDet,BtPlDw,70,28,Otolth
2022,11/15/22,Felicite,Site 1,2,150,Scaridae,Scarus rubroviolaceus,23,0.0136,3.109,3.33,15.5,232.9,Scraper,HerDet,BtPlDw,70,28,Otolth
2022,11/15/22,Felicite,Site 1,2,60,Pomacentridae,Plectroglyphidodon lacrymatus,6,0.0612,2.635,8.33,1.1,6.9,Farmer,HerDet,BnthDw,10,28,Otolth
2022,11/15/22,Felicite,Site 1,2,60,Pomacentridae,Plectroglyphidodon lacrymatus,7,0.0612,2.635,8.33,1.7,10.3,Farmer,HerDet,BnthDw,10,28,Otolth
2022,11/15/22,Felicite,Site 1,2,60,Pomacentridae,Plectroglyphidodon lacrymatus,7,0.0612,2.635,8.33,1.7,10.3,Farmer,HerDet,BnthDw,10,28,Otolth
2022,11/15/22,Felicite,Site 1,2,60,Pomacentridae,Plectroglyphidodon lacrymatus,7,0.0612,2.635,8.33,1.7,10.3,Farmer,HerDet,BnthDw,10,28,Otolth
2022,11/15/22,Felicite,Site 1,2,60,Pomacentridae,Plectroglyphidodon lacrymatus,7,0.0612,2.635,8.33,1.7,10.3,Farmer,HerDet,BnthDw,10,28,Otolth
2022,11/15/22,Felicite,Site 1,2,60,Pomacentridae,Plectroglyphidodon lacrymatus,7,0.0612,2.635,8.33,1.7,10.3,Farmer,HerDet,BnthDw,10,28,Otolth
2022,11/15/22,Felicite,Site 1,2,60,Pomacentridae,Plectroglyphidodon lacrymatus,7,0.0612,2.635,8.33,1.7,10.3,Farmer,HerDet,BnthDw,10,28,Otolth
2022,11/15/22,Felicite,Site 1,2,60,Pomacentridae,Plectroglyphidodon lacrymatus,7,0.0612,2.635,8.33,1.7,10.3,Farmer,HerDet,BnthDw,10,28,Otolth
2022,11/15/22,Felicite,Site 1,2,60,Pomacentridae,Plectroglyphidodon lacrymatus,7,0.0612,2.635,8.33,1.7,10.3,Farmer,HerDet,BnthDw,10,28,Otolth
2022,11/15/22,Felicite,Site 1,2,60,Pomacentridae,Plectroglyphidodon lacrymatus,7,0.0612,2.635,8.33,1.7,10.3,Farmer,HerDet,BnthDw,10,28,Otolth
2022,11/15/22,Felicite,Site 1,2,60,Pomacentridae,Plectroglyphidodon lacrymatus,8,0.0612,2.635,8.33,2.4,14.7,Farmer,HerDet,BnthDw,10,28,Otolth
2022,11/15/22,Felicite,Site 1,2,60,Pomacentridae,Plectroglyphidodon lacrymatus,8,0.0612,2.635,8.33,2.4,14.7,Farmer,HerDet,BnthDw,10,28,Otolth
2022,11/15/22,Felicite,Site 1,2,60,Pomacentridae,Plectroglyphidodon lacrymatus,8,0.0612,2.635,8.33,2.4,14.7,Farmer,HerDet,BnthDw,10,28,Otolth
2022,11/15/22,Felicite,Site 1,2,60,Pomacentridae,Plectroglyphidodon lacrymatus,8,0.0612,2.635,8.33,2.4,14.7,Farmer,HerDet,BnthDw,10,28,Otolth
2022,11/15/22,Felicite,Site 1,2,60,Pomacentridae,Plectroglyphidodon lacrymatus,8,0.0612,2.635,8.33,2.4,14.7,Farmer,HerDet,BnthDw,10,28,Otolth
2022,11/15/22,Felicite,Site 1,2,60,Pomacentridae,Plectroglyphidodon lacrymatus,8,0.0612,2.635,8.33,2.4,14.7,Farmer,HerDet,BnthDw,10,28,Otolth
2022,11/15/22,Felicite,Site 1,3,150,Acanthuridae,Acanthurus nigrofuscus,14,0.0301,2.967,3.33,5,75.7,Cropper,HerDet,BtPlDw,21,28,Otolth
2022,11/15/22,Felicite,Site 1,3,150,Acanthuridae,Acanthurus triostegus,14,0.1317,2.392,3.33,4.8,72.6,Cropper,HerDet,BtPlDw,27,28,Otolth
2022,11/15/22,Felicite,Site 1,3,150,Acanthuridae,Acanthurus triostegus,14,0.1317,2.392,3.33,4.8,72.6,Cropper,HerDet,BtPlDw,27,28,Otolth
2022,11/15/22,Felicite,Site 1,3,150,Acanthuridae,Acanthurus triostegus,14,0.1317,2.392,3.33,4.8,72.6,Cropper,HerDet,BtPlDw,27,28,Otolth
2022,11/15/22,Felicite,Site 1,3,150,Scaridae,Chlorurus sordidus,26,0.0182,3.15,3.33,34.8,521.5,Excavator,HerDet,BtPlDw,40,28,Otolth
2022,11/15/22,Felicite,Site 1,3,150,Scaridae,Scarus rubroviolaceus,16,0.0136,3.109,3.33,5,75.4,Scraper,HerDet,BtPlDw,70,28,Otolth
2022,11/15/22,Felicite,Site 1,3,150,Scaridae,Scarus rubroviolaceus,19,0.0136,3.109,3.33,8.6,128.6,Scraper,HerDet,BtPlDw,70,28,Otolth
2022,11/15/22,Felicite,Site 1,3,60,Pomacentridae,Plectroglyphidodon lacrymatus,6,0.0612,2.635,8.33,1.1,6.9,Farmer,HerDet,BnthDw,10,28,Otolth
2022,11/15/22,Felicite,Site 1,3,60,Pomacentridae,Plectroglyphidodon lacrymatus,6,0.0612,2.635,8.33,1.1,6.9,Farmer,HerDet,BnthDw,10,28,Otolth
2022,11/15/22,Felicite,Site 1,3,60,Pomacentridae,Plectroglyphidodon lacrymatus,6,0.0612,2.635,8.33,1.1,6.9,Farmer,HerDet,BnthDw,10,28,Otolth
2022,11/15/22,Felicite,Site 1,3,60,Pomacentridae,Plectroglyphidodon lacrymatus,6,0.0612,2.635,8.33,1.1,6.9,Farmer,HerDet,BnthDw,10,28,Otolth
2022,11/15/22,Felicite,Site 1,3,60,Pomacentridae,Plectroglyphidodon lacrymatus,6,0.0612,2.635,8.33,1.1,6.9,Farmer,HerDet,BnthDw,10,28,Otolth
2022,11/15/22,Felicite,Site 1,3,60,Pomacentridae,Plectroglyphidodon lacrymatus,7,0.0612,2.635,8.33,1.7,10.3,Farmer,HerDet,BnthDw,10,28,Otolth
2022,11/15/22,Felicite,Site 1,3,60,Pomacentridae,Plectroglyphidodon lacrymatus,7,0.0612,2.635,8.33,1.7,10.3,Farmer,HerDet,BnthDw,10,28,Otolth
2022,11/15/22,Felicite,Site 1,3,60,Pomacentridae,Plectroglyphidodon lacrymatus,7,0.0612,2.635,8.33,1.7,10.3,Farmer,HerDet,BnthDw,10,28,Otolth
2022,11/15/22,Felicite,Site 1,3,60,Pomacentridae,Plectroglyphidodon lacrymatus,7,0.0612,2.635,8.33,1.7,10.3,Farmer,HerDet,BnthDw,10,28,Otolth
2022,11/15/22,Felicite,Site 1,3,60,Pomacentridae,Plectroglyphidodon lacrymatus,7,0.0612,2.635,8.33,1.7,10.3,Farmer,HerDet,BnthDw,10,28,Otolth
2022,11/15/22,Felicite,Site 1,3,60,Pomacentridae,Plectroglyphidodon lacrymatus,7,0.0612,2.635,8.33,1.7,10.3,Farmer,HerDet,BnthDw,10,28,Otolth
2022,11/15/22,Felicite,Site 1,3,60,Pomacentridae,Plectroglyphidodon lacrymatus,7,0.0612,2.635,8.33,1.7,10.3,Farmer,HerDet,BnthDw,10,28,Otolth
2022,11/15/22,Felicite,Site 1,3,60,Pomacentridae,Plectroglyphidodon lacrymatus,8,0.0612,2.635,8.33,2.4,14.7,Farmer,HerDet,BnthDw,10,28,Otolth
2022,11/15/22,Felicite,Site 1,3,60,Pomacentridae,Plectroglyphidodon lacrymatus,8,0.0612,2.635,8.33,2.4,14.7,Farmer,HerDet,BnthDw,10,28,Otolth
2022,11/15/22,Felicite,Site 1,4,150,Acanthuridae,Acanthurus leucosternon,16,0.1317,2.392,3.33,6.7,100,Cropper,HerDet,BtPlDw,54,28,Otolth
2022,11/15/22,Felicite,Site 1,4,150,Acanthuridae,Acanthurus leucosternon,17,0.1317,2.392,3.33,7.7,115.6,Cropper,HerDet,BtPlDw,54,28,Otolth
2022,11/15/22,Felicite,Site 1,4,150,Acanthuridae,Acanthurus triostegus,12,0.1317,2.392,3.33,3.3,50.2,Cropper,HerDet,BtPlDw,27,28,Otolth
2022,11/15/22,Felicite,Site 1,4,150,Acanthuridae,Acanthurus triostegus,13,0.1317,2.392,3.33,4.1,60.8,Cropper,HerDet,BtPlDw,27,28,Otolth
2022,11/15/22,Felicite,Site 1,4,150,Acanthuridae,Acanthurus triostegus,14,0.1317,2.392,3.33,4.8,72.6,Cropper,HerDet,BtPlDw,27,28,Otolth
2022,11/15/22,Felicite,Site 1,4,150,Acanthuridae,Acanthurus triostegus,14,0.1317,2.392,3.33,4.8,72.6,Cropper,HerDet,BtPlDw,27,28,Otolth
2022,11/15/22,Felicite,Site 1,4,150,Acanthuridae,Ctenochaetus striatus,12,0.0254,3.027,3.33,3.1,46.9,Brusher,HerDet,BtPlDw,26,28,Otolth
2022,11/15/22,Felicite,Site 1,4,150,Acanthuridae,Ctenochaetus striatus,13,0.0254,3.027,3.33,4,59.8,Brusher,HerDet,BtPlDw,26,28,Otolth
2022,11/15/22,Felicite,Site 1,4,150,Acanthuridae,Ctenochaetus striatus,14,0.0254,3.027,3.33,5,74.8,Brusher,HerDet,BtPlDw,26,28,Otolth
2022,11/15/22,Felicite,Site 1,4,150,Acanthuridae,Zebrasoma scopas,10,0.04,2.867,3.33,2,29.4,Cropper,HerDet,BtPlDw,25,28,Otolth
2022,11/15/22,Felicite,Site 1,4,150,Acanthuridae,Zebrasoma scopas,10,0.04,2.867,3.33,2,29.4,Cropper,HerDet,BtPlDw,25,28,Otolth
2022,11/15/22,Felicite,Site 1,4,150,Acanthuridae,Zebrasoma scopas,10,0.04,2.867,3.33,2,29.4,Cropper,HerDet,BtPlDw,25,28,Otolth
2022,11/15/22,Felicite,Site 1,4,150,Acanthuridae,Zebrasoma scopas,11,0.04,2.867,3.33,2.6,38.7,Cropper,HerDet,BtPlDw,25,28,Otolth
2022,11/15/22,Felicite,Site 1,4,150,Acanthuridae,Zebrasoma scopas,11,0.04,2.867,3.33,2.6,38.7,Cropper,HerDet,BtPlDw,25,28,Otolth
2022,11/15/22,Felicite,Site 1,4,150,Acanthuridae,Zebrasoma scopas,11,0.04,2.867,3.33,2.6,38.7,Cropper,HerDet,BtPlDw,25,28,Otolth
2022,11/15/22,Felicite,Site 1,4,150,Acanthuridae,Zebrasoma scopas,11,0.04,2.867,3.33,2.6,38.7,Cropper,HerDet,BtPlDw,25,28,Otolth
2022,11/15/22,Felicite,Site 1,4,150,Scaridae,Chlorurus atrilunula,10,0.0182,3.15,3.33,1.7,25.7,Excavator,HerDet,BtPlDw,38,28,Otolth
2022,11/15/22,Felicite,Site 1,4,150,Scaridae,Chlorurus atrilunula,11,0.0182,3.15,3.33,2.3,34.7,Excavator,HerDet,BtPlDw,38,28,Otolth
2022,11/15/22,Felicite,Site 1,4,150,Scaridae,Chlorurus atrilunula,12,0.0182,3.15,3.33,3,45.7,Excavator,HerDet,BtPlDw,38,28,Otolth
2022,11/15/22,Felicite,Site 1,4,150,Scaridae,Chlorurus atrilunula,14,0.0182,3.15,3.33,4.9,74.2,Excavator,HerDet,BtPlDw,38,28,Otolth
2022,11/15/22,Felicite,Site 1,4,150,Scaridae,Scarus falcipinnis,27,0.0169,3.049,3.33,26.1,390.9,Scraper,HerDet,BtPlDw,60,28,Otolth
2022,11/15/22,Felicite,Site 1,4,150,Scaridae,Scarus rubroviolaceus,14,0.0136,3.109,3.33,3.3,49.8,Scraper,HerDet,BtPlDw,70,28,Otolth
2022,11/15/22,Felicite,Site 1,4,150,Scaridae,Scarus rubroviolaceus,22,0.0136,3.109,3.33,13.5,202.8,Scraper,HerDet,BtPlDw,70,28,Otolth
2022,11/15/22,Felicite,Site 1,4,150,Scaridae,Scarus rubroviolaceus,28,0.0136,3.109,3.33,28.6,429.3,Scraper,HerDet,BtPlDw,70,28,Otolth
2022,11/15/22,Felicite,Site 1,4,150,Scaridae,Scarus rubroviolaceus,32,0.0136,3.109,3.33,43.3,650.2,Scraper,HerDet,BtPlDw,70,28,Otolth
2022,11/15/22,Felicite,Site 1,4,150,Scaridae,Scarus tricolor,28,0.0278,2.857,3.33,25.3,378.9,Scraper,HerDet,BtPlDw,37,28,Otolth
2022,11/15/22,Felicite,Site 1,4,60,Pomacentridae,Plectroglyphidodon lacrymatus,6,0.0612,2.635,8.33,1.1,6.9,Farmer,HerDet,BnthDw,10,28,Otolth
2022,11/15/22,Felicite,Site 1,4,60,Pomacentridae,Plectroglyphidodon lacrymatus,7,0.0612,2.635,8.33,1.7,10.3,Farmer,HerDet,BnthDw,10,28,Otolth
2022,11/15/22,Felicite,Site 1,4,60,Pomacentridae,Plectroglyphidodon lacrymatus,7,0.0612,2.635,8.33,1.7,10.3,Farmer,HerDet,BnthDw,10,28,Otolth
2022,11/15/22,Felicite,Site 1,4,60,Pomacentridae,Plectroglyphidodon lacrymatus,7,0.0612,2.635,8.33,1.7,10.3,Farmer,HerDet,BnthDw,10,28,Otolth
2022,11/15/22,Felicite,Site 1,4,60,Pomacentridae,Plectroglyphidodon lacrymatus,7,0.0612,2.635,8.33,1.7,10.3,Farmer,HerDet,BnthDw,10,28,Otolth
2022,11/15/22,Felicite,Site 1,4,60,Pomacentridae,Plectroglyphidodon lacrymatus,7,0.0612,2.635,8.33,1.7,10.3,Farmer,HerDet,BnthDw,10,28,Otolth
2022,11/15/22,Felicite,Site 1,4,60,Pomacentridae,Plectroglyphidodon lacrymatus,7,0.0612,2.635,8.33,1.7,10.3,Farmer,HerDet,BnthDw,10,28,Otolth
2022,11/15/22,Felicite,Site 1,4,60,Pomacentridae,Plectroglyphidodon lacrymatus,7,0.0612,2.635,8.33,1.7,10.3,Farmer,HerDet,BnthDw,10,28,Otolth
2022,11/15/22,Felicite,Site 1,4,60,Pomacentridae,Plectroglyphidodon lacrymatus,7,0.0612,2.635,8.33,1.7,10.3,Farmer,HerDet,BnthDw,10,28,Otolth
2022,11/15/22,Felicite,Site 1,4,60,Pomacentridae,Plectroglyphidodon lacrymatus,8,0.0612,2.635,8.33,2.4,14.7,Farmer,HerDet,BnthDw,10,28,Otolth
2022,11/15/22,Felicite,Site 1,4,60,Pomacentridae,Plectroglyphidodon lacrymatus,8,0.0612,2.635,8.33,2.4,14.7,Farmer,HerDet,BnthDw,10,28,Otolth
2022,11/5/22,Fregate,High,1,150,Acanthuridae,Acanthurus leucosternon,19,0.1317,2.392,3.33,10.1,150.8,Cropper,HerDet,BtPlDw,54,28,Otolth
2022,11/5/22,Fregate,High,1,150,Acanthuridae,Acanthurus lineatus,22,0.0126,3.064,3.33,10.9,163.5,Cropper,HerDet,BtPlDw,38,28,Otolth
2022,11/5/22,Fregate,High,1,150,Acanthuridae,Acanthurus lineatus,24,0.0126,3.064,3.33,14.2,213.5,Cropper,HerDet,BtPlDw,38,28,Otolth
2022,11/5/22,Fregate,High,1,150,Acanthuridae,Acanthurus lineatus,25,0.0126,3.064,3.33,16.1,241.9,Cropper,HerDet,BtPlDw,38,28,Otolth
2022,11/5/22,Fregate,High,1,150,Acanthuridae,Acanthurus nigrofuscus,13,0.0301,2.967,3.33,4.1,60.8,Cropper,HerDet,BtPlDw,21,28,Otolth
2022,11/5/22,Fregate,High,1,150,Acanthuridae,Acanthurus triostegus,13,0.1317,2.392,3.33,4.1,60.8,Cropper,HerDet,BtPlDw,27,28,Otolth
2022,11/5/22,Fregate,High,1,150,Acanthuridae,Ctenochaetus truncatus,10,0.0254,3.027,3.33,1.8,27,Brusher,HerDet,BtPlDw,16,28,Otolth
2022,11/5/22,Fregate,High,1,150,Scaridae,Chlorurus sordidus,11,0.0182,3.15,3.33,2.3,34.7,Excavator,HerDet,BtPlDw,40,28,Otolth
2022,11/5/22,Fregate,High,1,150,Scaridae,Chlorurus sordidus,35,0.0182,3.15,3.33,88.7,1330.1,Excavator,HerDet,BtPlDw,40,28,Otolth
2022,11/5/22,Fregate,High,1,150,Scaridae,Scarus frenatus,13,0.0169,3.049,3.33,2.8,42.1,Scraper,HerDet,BtPlDw,47,28,Otolth
2022,11/5/22,Fregate,High,1,150,Scaridae,Scarus frenatus,24,0.0169,3.049,3.33,18.2,273,Scraper,HerDet,BtPlDw,47,28,Otolth
2022,11/5/22,Fregate,High,1,150,Scaridae,Scarus niger,30,0.0142,3.14,3.33,41.1,617.2,Scraper,HerDet,BtPlDw,40,28,Otolth
2022,11/5/22,Fregate,High,1,150,Siganidae,Siganus sutor,29,0.0131,3.088,3.33,28.6,429.7,Browser,HerMac,BnthDw,50,28,Otolth
2022,11/5/22,Fregate,High,1,150,Siganidae,Siganus sutor,35,0.0131,3.088,3.33,51.2,768,Browser,HerMac,BnthDw,50,28,Otolth
2022,11/5/22,Fregate,High,1,60,Pomacentridae,Plectroglyphidodon lacrymatus,7,0.0612,2.635,8.33,1.7,10.3,Farmer,HerDet,BnthDw,10,28,Otolth
2022,11/5/22,Fregate,High,1,60,Pomacentridae,Plectroglyphidodon lacrymatus,8,0.0612,2.635,8.33,2.4,14.7,Farmer,HerDet,BnthDw,10,28,Otolth
2022,11/5/22,Fregate,High,1,60,Pomacentridae,Plectroglyphidodon lacrymatus,8,0.0612,2.635,8.33,2.4,14.7,Farmer,HerDet,BnthDw,10,28,Otolth
2022,11/5/22,Fregate,High,1,60,Pomacentridae,Plectroglyphidodon lacrymatus,8,0.0612,2.635,8.33,2.4,14.7,Farmer,HerDet,BnthDw,10,28,Otolth
2022,11/5/22,Fregate,High,1,60,Pomacentridae,Plectroglyphidodon lacrymatus,8,0.0612,2.635,8.33,2.4,14.7,Farmer,HerDet,BnthDw,10,28,Otolth
2022,11/5/22,Fregate,High,1,60,Pomacentridae,Plectroglyphidodon lacrymatus,8,0.0612,2.635,8.33,2.4,14.7,Farmer,HerDet,BnthDw,10,28,Otolth
2022,11/5/22,Fregate,High,1,60,Pomacentridae,Plectroglyphidodon lacrymatus,9,0.0612,2.635,8.33,3.3,20,Farmer,HerDet,BnthDw,10,28,Otolth
2022,11/5/22,Fregate,High,1,60,Pomacentridae,Plectroglyphidodon lacrymatus,9,0.0612,2.635,8.33,3.3,20,Farmer,HerDet,BnthDw,10,28,Otolth
2022,11/5/22,Fregate,High,1,60,Pomacentridae,Plectroglyphidodon lacrymatus,9,0.0612,2.635,8.33,3.3,20,Farmer,HerDet,BnthDw,10,28,Otolth
2022,11/5/22,Fregate,High,2,150,Acanthuridae,Acanthurus leucosternon,19,0.1317,2.392,3.33,10.1,150.8,Cropper,HerDet,BtPlDw,54,28,Otolth
2022,11/5/22,Fregate,High,2,150,Acanthuridae,Acanthurus lineatus,25,0.0126,3.064,3.33,16.1,241.9,Cropper,HerDet,BtPlDw,38,28,Otolth
2022,11/5/22,Fregate,High,2,150,Acanthuridae,Acanthurus nigrofuscus,12,0.0301,2.967,3.33,3.2,47.9,Cropper,HerDet,BtPlDw,21,28,Otolth
2022,11/5/22,Fregate,High,2,150,Acanthuridae,Acanthurus nigrofuscus,12,0.0301,2.967,3.33,3.2,47.9,Cropper,HerDet,BtPlDw,21,28,Otolth
2022,11/5/22,Fregate,High,2,150,Acanthuridae,Acanthurus nigrofuscus,12,0.0301,2.967,3.33,3.2,47.9,Cropper,HerDet,BtPlDw,21,28,Otolth
2022,11/5/22,Fregate,High,2,150,Acanthuridae,Acanthurus nigrofuscus,12,0.0301,2.967,3.33,3.2,47.9,Cropper,HerDet,BtPlDw,21,28,Otolth
2022,11/5/22,Fregate,High,2,150,Acanthuridae,Acanthurus nigrofuscus,13,0.0301,2.967,3.33,4.1,60.8,Cropper,HerDet,BtPlDw,21,28,Otolth
2022,11/5/22,Fregate,High,2,150,Acanthuridae,Acanthurus nigrofuscus,13,0.0301,2.967,3.33,4.1,60.8,Cropper,HerDet,BtPlDw,21,28,Otolth
2022,11/5/22,Fregate,High,2,150,Acanthuridae,Acanthurus nigrofuscus,13,0.0301,2.967,3.33,4.1,60.8,Cropper,HerDet,BtPlDw,21,28,Otolth
2022,11/5/22,Fregate,High,2,150,Acanthuridae,Acanthurus nigrofuscus,13,0.0301,2.967,3.33,4.1,60.8,Cropper,HerDet,BtPlDw,21,28,Otolth
2022,11/5/22,Fregate,High,2,150,Acanthuridae,Acanthurus nigrofuscus,14,0.0301,2.967,3.33,5,75.7,Cropper,HerDet,BtPlDw,21,28,Otolth
2022,11/5/22,Fregate,High,2,150,Acanthuridae,Acanthurus nigrofuscus,14,0.0301,2.967,3.33,5,75.7,Cropper,HerDet,BtPlDw,21,28,Otolth
2022,11/5/22,Fregate,High,2,150,Acanthuridae,Ctenochaetus truncatus,12,0.0254,3.027,3.33,3.1,46.9,Brusher,HerDet,BtPlDw,16,28,Otolth
2022,11/5/22,Fregate,High,2,150,Acanthuridae,Ctenochaetus truncatus,12,0.0254,3.027,3.33,3.1,46.9,Brusher,HerDet,BtPlDw,16,28,Otolth
2022,11/5/22,Fregate,High,2,150,Scaridae,Chlorurus sordidus,24,0.0182,3.15,3.33,27,405.3,Excavator,HerDet,BtPlDw,40,28,Otolth
2022,11/5/22,Fregate,High,2,150,Scaridae,Chlorurus sordidus,35,0.0182,3.15,3.33,88.7,1330.1,Excavator,HerDet,BtPlDw,40,28,Otolth
2022,11/5/22,Fregate,High,2,150,Scaridae,Chlorurus sordidus,36,0.0182,3.15,3.33,96.9,1453.5,Excavator,HerDet,BtPlDw,40,28,Otolth
2022,11/5/22,Fregate,High,2,150,Scaridae,Scarus frenatus,8,0.0169,3.049,3.33,0.6,9.6,Scraper,HerDet,BtPlDw,47,28,Otolth
2022,11/5/22,Fregate,High,2,150,Scaridae,Scarus frenatus,8,0.0169,3.049,3.33,0.6,9.6,Scraper,HerDet,BtPlDw,47,28,Otolth
2022,11/5/22,Fregate,High,2,150,Scaridae,Scarus frenatus,9,0.0169,3.049,3.33,0.9,13.7,Scraper,HerDet,BtPlDw,47,28,Otolth
2022,11/5/22,Fregate,High,2,150,Scaridae,Scarus niger,22,0.0142,3.14,3.33,15.5,233.1,Scraper,HerDet,BtPlDw,40,28,Otolth
2022,11/5/22,Fregate,High,2,150,Scaridae,Scarus niger,30,0.0142,3.14,3.33,41.1,617.2,Scraper,HerDet,BtPlDw,40,28,Otolth
2022,11/5/22,Fregate,High,2,150,Scaridae,Scarus niger,35,0.0142,3.14,3.33,66.8,1001.5,Scraper,HerDet,BtPlDw,40,28,Otolth
2022,11/5/22,Fregate,High,2,150,Siganidae,Siganus sutor,32,0.0131,3.088,3.33,38.8,582.3,Browser,HerMac,BnthDw,50,28,Otolth
2022,11/5/22,Fregate,High,2,150,Siganidae,Siganus sutor,35,0.0131,3.088,3.33,51.2,768,Browser,HerMac,BnthDw,50,28,Otolth
2022,11/5/22,Fregate,High,2,60,Pomacentridae,Plectroglyphidodon lacrymatus,8,0.0612,2.635,8.33,2.4,14.7,Farmer,HerDet,BnthDw,10,28,Otolth
2022,11/5/22,Fregate,High,2,60,Pomacentridae,Plectroglyphidodon lacrymatus,8,0.0612,2.635,8.33,2.4,14.7,Farmer,HerDet,BnthDw,10,28,Otolth
2022,11/5/22,Fregate,High,2,60,Pomacentridae,Plectroglyphidodon lacrymatus,8,0.0612,2.635,8.33,2.4,14.7,Farmer,HerDet,BnthDw,10,28,Otolth
2022,11/5/22,Fregate,High,2,60,Pomacentridae,Plectroglyphidodon lacrymatus,8,0.0612,2.635,8.33,2.4,14.7,Farmer,HerDet,BnthDw,10,28,Otolth
2022,11/5/22,Fregate,High,2,60,Pomacentridae,Plectroglyphidodon lacrymatus,8,0.0612,2.635,8.33,2.4,14.7,Farmer,HerDet,BnthDw,10,28,Otolth
2022,11/5/22,Fregate,High,2,60,Pomacentridae,Plectroglyphidodon lacrymatus,8,0.0612,2.635,8.33,2.4,14.7,Farmer,HerDet,BnthDw,10,28,Otolth
2022,11/5/22,Fregate,High,2,60,Pomacentridae,Plectroglyphidodon lacrymatus,8,0.0612,2.635,8.33,2.4,14.7,Farmer,HerDet,BnthDw,10,28,Otolth
2022,11/5/22,Fregate,High,2,60,Pomacentridae,Plectroglyphidodon lacrymatus,8,0.0612,2.635,8.33,2.4,14.7,Farmer,HerDet,BnthDw,10,28,Otolth
2022,11/5/22,Fregate,High,3,150,Acanthuridae,Acanthurus leucosternon,15,0.1317,2.392,3.33,5.7,85.7,Cropper,HerDet,BtPlDw,54,28,Otolth
2022,11/5/22,Fregate,High,3,150,Acanthuridae,Acanthurus lineatus,17,0.0126,3.064,3.33,4.9,74.2,Cropper,HerDet,BtPlDw,38,28,Otolth
2022,11/5/22,Fregate,High,3,150,Acanthuridae,Acanthurus lineatus,17,0.0126,3.064,3.33,4.9,74.2,Cropper,HerDet,BtPlDw,38,28,Otolth
2022,11/5/22,Fregate,High,3,150,Acanthuridae,Acanthurus lineatus,17,0.0126,3.064,3.33,4.9,74.2,Cropper,HerDet,BtPlDw,38,28,Otolth
2022,11/5/22,Fregate,High,3,150,Acanthuridae,Acanthurus nigrofuscus,14,0.0301,2.967,3.33,5,75.7,Cropper,HerDet,BtPlDw,21,28,Otolth
2022,11/5/22,Fregate,High,3,150,Acanthuridae,Acanthurus nigrofuscus,14,0.0301,2.967,3.33,5,75.7,Cropper,HerDet,BtPlDw,21,28,Otolth
2022,11/5/22,Fregate,High,3,150,Acanthuridae,Acanthurus nigrofuscus,14,0.0301,2.967,3.33,5,75.7,Cropper,HerDet,BtPlDw,21,28,Otolth
2022,11/5/22,Fregate,High,3,150,Acanthuridae,Acanthurus triostegus,13,0.1317,2.392,3.33,4.1,60.8,Cropper,HerDet,BtPlDw,27,28,Otolth
2022,11/5/22,Fregate,High,3,150,Acanthuridae,Acanthurus triostegus,13,0.1317,2.392,3.33,4.1,60.8,Cropper,HerDet,BtPlDw,27,28,Otolth
2022,11/5/22,Fregate,High,3,150,Acanthuridae,Acanthurus triostegus,13,0.1317,2.392,3.33,4.1,60.8,Cropper,HerDet,BtPlDw,27,28,Otolth
2022,11/5/22,Fregate,High,3,150,Acanthuridae,Acanthurus triostegus,13,0.1317,2.392,3.33,4.1,60.8,Cropper,HerDet,BtPlDw,27,28,Otolth
2022,11/5/22,Fregate,High,3,150,Acanthuridae,Acanthurus triostegus,13,0.1317,2.392,3.33,4.1,60.8,Cropper,HerDet,BtPlDw,27,28,Otolth
2022,11/5/22,Fregate,High,3,150,Acanthuridae,Acanthurus triostegus,13,0.1317,2.392,3.33,4.1,60.8,Cropper,HerDet,BtPlDw,27,28,Otolth
2022,11/5/22,Fregate,High,3,150,Acanthuridae,Acanthurus triostegus,13,0.1317,2.392,3.33,4.1,60.8,Cropper,HerDet,BtPlDw,27,28,Otolth
2022,11/5/22,Fregate,High,3,150,Acanthuridae,Acanthurus triostegus,13,0.1317,2.392,3.33,4.1,60.8,Cropper,HerDet,BtPlDw,27,28,Otolth
2022,11/5/22,Fregate,High,3,150,Acanthuridae,Acanthurus triostegus,13,0.1317,2.392,3.33,4.1,60.8,Cropper,HerDet,BtPlDw,27,28,Otolth
2022,11/5/22,Fregate,High,3,150,Acanthuridae,Acanthurus triostegus,13,0.1317,2.392,3.33,4.1,60.8,Cropper,HerDet,BtPlDw,27,28,Otolth
2022,11/5/22,Fregate,High,3,150,Acanthuridae,Acanthurus triostegus,13,0.1317,2.392,3.33,4.1,60.8,Cropper,HerDet,BtPlDw,27,28,Otolth
2022,11/5/22,Fregate,High,3,150,Acanthuridae,Acanthurus triostegus,13,0.1317,2.392,3.33,4.1,60.8,Cropper,HerDet,BtPlDw,27,28,Otolth
2022,11/5/22,Fregate,High,3,150,Acanthuridae,Acanthurus triostegus,13,0.1317,2.392,3.33,4.1,60.8,Cropper,HerDet,BtPlDw,27,28,Otolth
2022,11/5/22,Fregate,High,3,150,Acanthuridae,Acanthurus triostegus,13,0.1317,2.392,3.33,4.1,60.8,Cropper,HerDet,BtPlDw,27,28,Otolth
2022,11/5/22,Fregate,High,3,150,Acanthuridae,Acanthurus triostegus,13,0.1317,2.392,3.33,4.1,60.8,Cropper,HerDet,BtPlDw,27,28,Otolth
2022,11/5/22,Fregate,High,3,150,Acanthuridae,Acanthurus triostegus,13,0.1317,2.392,3.33,4.1,60.8,Cropper,HerDet,BtPlDw,27,28,Otolth
2022,11/5/22,Fregate,High,3,150,Acanthuridae,Acanthurus triostegus,13,0.1317,2.392,3.33,4.1,60.8,Cropper,HerDet,BtPlDw,27,28,Otolth
2022,11/5/22,Fregate,High,3,150,Acanthuridae,Acanthurus triostegus,13,0.1317,2.392,3.33,4.1,60.8,Cropper,HerDet,BtPlDw,27,28,Otolth
2022,11/5/22,Fregate,High,3,150,Acanthuridae,Acanthurus triostegus,13,0.1317,2.392,3.33,4.1,60.8,Cropper,HerDet,BtPlDw,27,28,Otolth
2022,11/5/22,Fregate,High,3,150,Acanthuridae,Acanthurus triostegus,13,0.1317,2.392,3.33,4.1,60.8,Cropper,HerDet,BtPlDw,27,28,Otolth
2022,11/5/22,Fregate,High,3,150,Acanthuridae,Acanthurus xanthopteus,32,0.0459,2.83,3.33,55.6,834.4,Cropper,HerDet,BtPlDw,70,28,Otolth
2022,11/5/22,Fregate,High,3,150,Acanthuridae,Acanthurus xanthopteus,32,0.0459,2.83,3.33,55.6,834.4,Cropper,HerDet,BtPlDw,70,28,Otolth
2022,11/5/22,Fregate,High,3,150,Acanthuridae,Ctenochaetus truncatus,12,0.0254,3.027,3.33,3.1,46.9,Brusher,HerDet,BtPlDw,16,28,Otolth
2022,11/5/22,Fregate,High,3,150,Acanthuridae,Ctenochaetus truncatus,12,0.0254,3.027,3.33,3.1,46.9,Brusher,HerDet,BtPlDw,16,28,Otolth
2022,11/5/22,Fregate,High,3,150,Acanthuridae,Ctenochaetus truncatus,12,0.0254,3.027,3.33,3.1,46.9,Brusher,HerDet,BtPlDw,16,28,Otolth
2022,11/5/22,Fregate,High,3,150,Acanthuridae,Naso brachycentron,36,0.0189,2.99,3.33,56.7,850.8,Browser,HerMac,BtPlDw,105,28,Otolth
2022,11/5/22,Fregate,High,3,150,Acanthuridae,Naso brachycentron,40,0.0189,2.99,3.33,77.7,1165.8,Browser,HerMac,BtPlDw,105,28,Otolth
2022,11/5/22,Fregate,High,3,150,Acanthuridae,Naso brachycentron,42,0.0189,2.99,3.33,89.9,1348.9,Browser,HerMac,BtPlDw,105,28,Otolth
2022,11/5/22,Fregate,High,3,150,Acanthuridae,Naso brachycentron,42,0.0189,2.99,3.33,89.9,1348.9,Browser,HerMac,BtPlDw,105,28,Otolth
2022,11/5/22,Fregate,High,3,150,Acanthuridae,Zebrasoma scopas,12,0.04,2.867,3.33,3.3,49.7,Cropper,HerDet,BtPlDw,25,28,Otolth
2022,11/5/22,Fregate,High,3,150,Scaridae,Chlorurus atrilunula,12,0.0182,3.15,3.33,3,45.7,Excavator,HerDet,BtPlDw,38,28,Otolth
2022,11/5/22,Fregate,High,3,150,Scaridae,Chlorurus atrilunula,12,0.0182,3.15,3.33,3,45.7,Excavator,HerDet,BtPlDw,38,28,Otolth
2022,11/5/22,Fregate,High,3,150,Scaridae,Chlorurus atrilunula,12,0.0182,3.15,3.33,3,45.7,Excavator,HerDet,BtPlDw,38,28,Otolth
2022,11/5/22,Fregate,High,3,150,Scaridae,Chlorurus atrilunula,22,0.0182,3.15,3.33,20.5,308.1,Excavator,HerDet,BtPlDw,38,28,Otolth
2022,11/5/22,Fregate,High,3,150,Scaridae,Chlorurus sordidus,16,0.0182,3.15,3.33,7.5,113,Excavator,HerDet,BtPlDw,40,28,Otolth
2022,11/5/22,Fregate,High,3,150,Scaridae,Chlorurus sordidus,16,0.0182,3.15,3.33,7.5,113,Excavator,HerDet,BtPlDw,40,28,Otolth
2022,11/5/22,Fregate,High,3,150,Scaridae,Chlorurus sordidus,16,0.0182,3.15,3.33,7.5,113,Excavator,HerDet,BtPlDw,40,28,Otolth
2022,11/5/22,Fregate,High,3,150,Scaridae,Chlorurus sordidus,16,0.0182,3.15,3.33,7.5,113,Excavator,HerDet,BtPlDw,40,28,Otolth
2022,11/5/22,Fregate,High,3,150,Scaridae,Chlorurus sordidus,16,0.0182,3.15,3.33,7.5,113,Excavator,HerDet,BtPlDw,40,28,Otolth
2022,11/5/22,Fregate,High,3,150,Scaridae,Chlorurus sordidus,16,0.0182,3.15,3.33,7.5,113,Excavator,HerDet,BtPlDw,40,28,Otolth
2022,11/5/22,Fregate,High,3,150,Scaridae,Chlorurus sordidus,16,0.0182,3.15,3.33,7.5,113,Excavator,HerDet,BtPlDw,40,28,Otolth
2022,11/5/22,Fregate,High,3,150,Scaridae,Chlorurus sordidus,16,0.0182,3.15,3.33,7.5,113,Excavator,HerDet,BtPlDw,40,28,Otolth
2022,11/5/22,Fregate,High,3,150,Scaridae,Chlorurus sordidus,35,0.0182,3.15,3.33,88.7,1330.1,Excavator,HerDet,BtPlDw,40,28,Otolth
2022,11/5/22,Fregate,High,3,150,Scaridae,Chlorurus strongylocephalus,42,0.0273,2.93,3.33,103.8,1557,Excavator,HerDet,BtPlDw,70,28,Otolth
2022,11/5/22,Fregate,High,3,150,Scaridae,Scarus caudofasciatus,42,0.0136,3.109,3.33,101,1514.3,Scraper,HerDet,BtPlDw,50,28,Otolth
2022,11/5/22,Fregate,High,3,150,Scaridae,Scarus frenatus,16,0.0169,3.049,3.33,5.3,79.3,Scraper,HerDet,BtPlDw,47,28,Otolth
2022,11/5/22,Fregate,High,3,60,Pomacentridae,Plectroglyphidodon lacrymatus,7,0.0612,2.635,8.33,1.7,10.3,Farmer,HerDet,BnthDw,10,28,Otolth
2022,11/5/22,Fregate,High,3,60,Pomacentridae,Plectroglyphidodon lacrymatus,7,0.0612,2.635,8.33,1.7,10.3,Farmer,HerDet,BnthDw,10,28,Otolth
2022,11/5/22,Fregate,High,3,60,Pomacentridae,Plectroglyphidodon lacrymatus,7,0.0612,2.635,8.33,1.7,10.3,Farmer,HerDet,BnthDw,10,28,Otolth
2022,11/5/22,Fregate,High,3,60,Pomacentridae,Plectroglyphidodon lacrymatus,8,0.0612,2.635,8.33,2.4,14.7,Farmer,HerDet,BnthDw,10,28,Otolth
2022,11/5/22,Fregate,High,3,60,Pomacentridae,Plectroglyphidodon lacrymatus,8,0.0612,2.635,8.33,2.4,14.7,Farmer,HerDet,BnthDw,10,28,Otolth
2022,11/5/22,Fregate,High,3,60,Pomacentridae,Plectroglyphidodon lacrymatus,8,0.0612,2.635,8.33,2.4,14.7,Farmer,HerDet,BnthDw,10,28,Otolth
2022,11/5/22,Fregate,High,3,60,Pomacentridae,Plectroglyphidodon lacrymatus,8,0.0612,2.635,8.33,2.4,14.7,Farmer,HerDet,BnthDw,10,28,Otolth
2022,11/5/22,Fregate,High,3,60,Pomacentridae,Plectroglyphidodon lacrymatus,8,0.0612,2.635,8.33,2.4,14.7,Farmer,HerDet,BnthDw,10,28,Otolth
2022,11/5/22,Fregate,High,3,60,Pomacentridae,Plectroglyphidodon lacrymatus,8,0.0612,2.635,8.33,2.4,14.7,Farmer,HerDet,BnthDw,10,28,Otolth
2022,11/5/22,Fregate,High,3,60,Pomacentridae,Plectroglyphidodon lacrymatus,8,0.0612,2.635,8.33,2.4,14.7,Farmer,HerDet,BnthDw,10,28,Otolth
2022,11/5/22,Fregate,High,3,60,Pomacentridae,Plectroglyphidodon lacrymatus,8,0.0612,2.635,8.33,2.4,14.7,Farmer,HerDet,BnthDw,10,28,Otolth
2022,11/5/22,Fregate,High,3,60,Pomacentridae,Plectroglyphidodon lacrymatus,8,0.0612,2.635,8.33,2.4,14.7,Farmer,HerDet,BnthDw,10,28,Otolth
2022,11/5/22,Fregate,High,3,60,Pomacentridae,Plectroglyphidodon lacrymatus,8,0.0612,2.635,8.33,2.4,14.7,Farmer,HerDet,BnthDw,10,28,Otolth
2022,11/5/22,Fregate,High,4,150,Acanthuridae,Ctenochaetus striatus,14,0.0254,3.027,3.33,5,74.8,Brusher,HerDet,BtPlDw,26,28,Otolth
2022,11/5/22,Fregate,High,4,150,Acanthuridae,Ctenochaetus striatus,15,0.0254,3.027,3.33,6.1,92.2,Brusher,HerDet,BtPlDw,26,28,Otolth
2022,11/5/22,Fregate,High,4,150,Acanthuridae,Ctenochaetus striatus,15,0.0254,3.027,3.33,6.1,92.2,Brusher,HerDet,BtPlDw,26,28,Otolth
2022,11/5/22,Fregate,High,4,150,Acanthuridae,Zebrasoma desjardinii,22,0.0339,2.855,3.33,15.4,230.6,Cropper,HerDet,BtPlDw,40,28,Otolth
2022,11/5/22,Fregate,High,4,150,Acanthuridae,Zebrasoma desjardinii,24,0.0339,2.855,3.33,19.7,295.6,Cropper,HerDet,BtPlDw,40,28,Otolth
2022,11/5/22,Fregate,High,4,150,Acanthuridae,Zebrasoma desjardinii,27,0.0339,2.855,3.33,27.6,413.8,Cropper,HerDet,BtPlDw,40,28,Otolth
2022,11/5/22,Fregate,High,4,150,Scaridae,Chlorurus sordidus,13,0.0182,3.15,3.33,3.9,58.7,Excavator,HerDet,BtPlDw,40,28,Otolth
2022,11/5/22,Fregate,High,4,150,Scaridae,Chlorurus sordidus,13,0.0182,3.15,3.33,3.9,58.7,Excavator,HerDet,BtPlDw,40,28,Otolth
2022,11/5/22,Fregate,High,4,150,Scaridae,Chlorurus sordidus,13,0.0182,3.15,3.33,3.9,58.7,Excavator,HerDet,BtPlDw,40,28,Otolth
2022,11/5/22,Fregate,High,4,150,Scaridae,Chlorurus sordidus,13,0.0182,3.15,3.33,3.9,58.7,Excavator,HerDet,BtPlDw,40,28,Otolth
2022,11/5/22,Fregate,High,4,150,Scaridae,Chlorurus sordidus,17,0.0182,3.15,3.33,9.1,136.8,Excavator,HerDet,BtPlDw,40,28,Otolth
2022,11/5/22,Fregate,High,4,150,Scaridae,Chlorurus sordidus,22,0.0182,3.15,3.33,20.5,308.1,Excavator,HerDet,BtPlDw,40,28,Otolth
2022,11/5/22,Fregate,High,4,150,Scaridae,Chlorurus sordidus,30,0.0182,3.15,3.33,54.6,818.5,Excavator,HerDet,BtPlDw,40,28,Otolth
2022,11/5/22,Fregate,High,4,150,Scaridae,Chlorurus sordidus,35,0.0182,3.15,3.33,88.7,1330.1,Excavator,HerDet,BtPlDw,40,28,Otolth
2022,11/5/22,Fregate,High,4,150,Scaridae,Scarus niger,19,0.0142,3.14,3.33,9.8,147.1,Scraper,HerDet,BtPlDw,40,28,Otolth
2022,11/5/22,Fregate,High,4,150,Scaridae,Scarus niger,19,0.0142,3.14,3.33,9.8,147.1,Scraper,HerDet,BtPlDw,40,28,Otolth
2022,11/5/22,Fregate,High,4,150,Scaridae,Scarus niger,29,0.0142,3.14,3.33,37,554.9,Scraper,HerDet,BtPlDw,40,28,Otolth
2022,11/5/22,Fregate,High,4,60,Pomacentridae,Plectroglyphidodon lacrymatus,6,0.0612,2.635,8.33,1.1,6.9,Farmer,HerDet,BnthDw,10,28,Otolth
2022,11/5/22,Fregate,High,4,60,Pomacentridae,Plectroglyphidodon lacrymatus,7,0.0612,2.635,8.33,1.7,10.3,Farmer,HerDet,BnthDw,10,28,Otolth
2022,11/5/22,Fregate,High,4,60,Pomacentridae,Plectroglyphidodon lacrymatus,7,0.0612,2.635,8.33,1.7,10.3,Farmer,HerDet,BnthDw,10,28,Otolth
2022,11/5/22,Fregate,High,4,60,Pomacentridae,Plectroglyphidodon lacrymatus,7,0.0612,2.635,8.33,1.7,10.3,Farmer,HerDet,BnthDw,10,28,Otolth
2022,11/5/22,Fregate,Low,1,150,Acanthuridae,Acanthurus leucosternon,15,0.1317,2.392,3.33,5.7,85.7,Cropper,HerDet,BtPlDw,54,28,Otolth
2022,11/5/22,Fregate,Low,1,150,Acanthuridae,Acanthurus leucosternon,16,0.1317,2.392,3.33,6.7,100,Cropper,HerDet,BtPlDw,54,28,Otolth
2022,11/5/22,Fregate,Low,1,150,Acanthuridae,Acanthurus leucosternon,16,0.1317,2.392,3.33,6.7,100,Cropper,HerDet,BtPlDw,54,28,Otolth
2022,11/5/22,Fregate,Low,1,150,Acanthuridae,Acanthurus leucosternon,17,0.1317,2.392,3.33,7.7,115.6,Cropper,HerDet,BtPlDw,54,28,Otolth
2022,11/5/22,Fregate,Low,1,150,Acanthuridae,Acanthurus leucosternon,18,0.1317,2.392,3.33,8.8,132.5,Cropper,HerDet,BtPlDw,54,28,Otolth
2022,11/5/22,Fregate,Low,1,150,Acanthuridae,Acanthurus lineatus,24,0.0126,3.064,3.33,14.2,213.5,Cropper,HerDet,BtPlDw,38,28,Otolth
2022,11/5/22,Fregate,Low,1,150,Acanthuridae,Acanthurus lineatus,26,0.0126,3.064,3.33,18.2,272.8,Cropper,HerDet,BtPlDw,38,28,Otolth
2022,11/5/22,Fregate,Low,1,150,Acanthuridae,Acanthurus lineatus,26,0.0126,3.064,3.33,18.2,272.8,Cropper,HerDet,BtPlDw,38,28,Otolth
2022,11/5/22,Fregate,Low,1,150,Acanthuridae,Acanthurus nigrofuscus,14,0.0301,2.967,3.33,5,75.7,Cropper,HerDet,BtPlDw,21,28,Otolth
2022,11/5/22,Fregate,Low,1,150,Acanthuridae,Acanthurus nigrofuscus,14,0.0301,2.967,3.33,5,75.7,Cropper,HerDet,BtPlDw,21,28,Otolth
2022,11/5/22,Fregate,Low,1,150,Acanthuridae,Acanthurus nigrofuscus,14,0.0301,2.967,3.33,5,75.7,Cropper,HerDet,BtPlDw,21,28,Otolth
2022,11/5/22,Fregate,Low,1,150,Acanthuridae,Acanthurus nigrofuscus,14,0.0301,2.967,3.33,5,75.7,Cropper,HerDet,BtPlDw,21,28,Otolth
2022,11/5/22,Fregate,Low,1,150,Acanthuridae,Acanthurus nigrofuscus,14,0.0301,2.967,3.33,5,75.7,Cropper,HerDet,BtPlDw,21,28,Otolth
2022,11/5/22,Fregate,Low,1,150,Acanthuridae,Acanthurus nigrofuscus,15,0.0301,2.967,3.33,6.2,92.9,Cropper,HerDet,BtPlDw,21,28,Otolth
2022,11/5/22,Fregate,Low,1,150,Acanthuridae,Acanthurus nigrofuscus,15,0.0301,2.967,3.33,6.2,92.9,Cropper,HerDet,BtPlDw,21,28,Otolth
2022,11/5/22,Fregate,Low,1,150,Acanthuridae,Acanthurus nigrofuscus,15,0.0301,2.967,3.33,6.2,92.9,Cropper,HerDet,BtPlDw,21,28,Otolth
2022,11/5/22,Fregate,Low,1,150,Acanthuridae,Acanthurus nigrofuscus,15,0.0301,2.967,3.33,6.2,92.9,Cropper,HerDet,BtPlDw,21,28,Otolth
2022,11/5/22,Fregate,Low,1,150,Acanthuridae,Ctenochaetus striatus,19,0.0254,3.027,3.33,12.6,188.6,Brusher,HerDet,BtPlDw,26,28,Otolth
2022,11/5/22,Fregate,Low,1,150,Acanthuridae,Ctenochaetus striatus,19,0.0254,3.027,3.33,12.6,188.6,Brusher,HerDet,BtPlDw,26,28,Otolth
2022,11/5/22,Fregate,Low,1,150,Acanthuridae,Ctenochaetus truncatus,12,0.0254,3.027,3.33,3.1,46.9,Brusher,HerDet,BtPlDw,16,28,Otolth
2022,11/5/22,Fregate,Low,1,150,Acanthuridae,Ctenochaetus truncatus,13,0.0254,3.027,3.33,4,59.8,Brusher,HerDet,BtPlDw,16,28,Otolth
2022,11/5/22,Fregate,Low,1,150,Acanthuridae,Ctenochaetus truncatus,13,0.0254,3.027,3.33,4,59.8,Brusher,HerDet,BtPlDw,16,28,Otolth
2022,11/5/22,Fregate,Low,1,150,Acanthuridae,Ctenochaetus truncatus,13,0.0254,3.027,3.33,4,59.8,Brusher,HerDet,BtPlDw,16,28,Otolth
2022,11/5/22,Fregate,Low,1,150,Acanthuridae,Ctenochaetus truncatus,13,0.0254,3.027,3.33,4,59.8,Brusher,HerDet,BtPlDw,16,28,Otolth
2022,11/5/22,Fregate,Low,1,150,Acanthuridae,Ctenochaetus truncatus,13,0.0254,3.027,3.33,4,59.8,Brusher,HerDet,BtPlDw,16,28,Otolth
2022,11/5/22,Fregate,Low,1,150,Acanthuridae,Ctenochaetus truncatus,14,0.0254,3.027,3.33,5,74.8,Brusher,HerDet,BtPlDw,16,28,Otolth
2022,11/5/22,Fregate,Low,1,150,Acanthuridae,Ctenochaetus truncatus,14,0.0254,3.027,3.33,5,74.8,Brusher,HerDet,BtPlDw,16,28,Otolth
2022,11/5/22,Fregate,Low,1,150,Acanthuridae,Ctenochaetus truncatus,14,0.0254,3.027,3.33,5,74.8,Brusher,HerDet,BtPlDw,16,28,Otolth
2022,11/5/22,Fregate,Low,1,150,Acanthuridae,Ctenochaetus truncatus,14,0.0254,3.027,3.33,5,74.8,Brusher,HerDet,BtPlDw,16,28,Otolth
2022,11/5/22,Fregate,Low,1,150,Acanthuridae,Ctenochaetus truncatus,14,0.0254,3.027,3.33,5,74.8,Brusher,HerDet,BtPlDw,16,28,Otolth
2022,11/5/22,Fregate,Low,1,150,Acanthuridae,Ctenochaetus truncatus,14,0.0254,3.027,3.33,5,74.8,Brusher,HerDet,BtPlDw,16,28,Otolth
2022,11/5/22,Fregate,Low,1,150,Acanthuridae,Ctenochaetus truncatus,15,0.0254,3.027,3.33,6.1,92.2,Brusher,HerDet,BtPlDw,16,28,Otolth
2022,11/5/22,Fregate,Low,1,150,Acanthuridae,Zebrasoma scopas,13,0.04,2.867,3.33,4.2,62.5,Cropper,HerDet,BtPlDw,25,28,Otolth
2022,11/5/22,Fregate,Low,1,150,Acanthuridae,Zebrasoma scopas,13,0.04,2.867,3.33,4.2,62.5,Cropper,HerDet,BtPlDw,25,28,Otolth
2022,11/5/22,Fregate,Low,1,150,Acanthuridae,Zebrasoma scopas,14,0.04,2.867,3.33,5.2,77.3,Cropper,HerDet,BtPlDw,25,28,Otolth
2022,11/5/22,Fregate,Low,1,150,Acanthuridae,Zebrasoma scopas,14,0.04,2.867,3.33,5.2,77.3,Cropper,HerDet,BtPlDw,25,28,Otolth
2022,11/5/22,Fregate,Low,1,150,Acanthuridae,Zebrasoma scopas,15,0.04,2.867,3.33,6.3,94.2,Cropper,HerDet,BtPlDw,25,28,Otolth
2022,11/5/22,Fregate,Low,1,150,Scaridae,Scarus rubroviolaceus,24,0.0136,3.109,3.33,17.7,265.8,Scraper,HerDet,BtPlDw,70,28,Otolth
2022,11/5/22,Fregate,Low,1,150,Siganidae,Siganus sutor,26,0.0131,3.088,3.33,20.4,306.7,Browser,HerMac,BnthDw,50,28,Otolth
2022,11/5/22,Fregate,Low,1,150,Siganidae,Siganus sutor,26,0.0131,3.088,3.33,20.4,306.7,Browser,HerMac,BnthDw,50,28,Otolth
2022,11/5/22,Fregate,Low,2,150,Acanthuridae,Acanthurus leucosternon,13,0.1317,2.392,3.33,4.1,60.8,Cropper,HerDet,BtPlDw,54,28,Otolth
2022,11/5/22,Fregate,Low,2,150,Acanthuridae,Acanthurus leucosternon,14,0.1317,2.392,3.33,4.8,72.6,Cropper,HerDet,BtPlDw,54,28,Otolth
2022,11/5/22,Fregate,Low,2,150,Acanthuridae,Acanthurus leucosternon,14,0.1317,2.392,3.33,4.8,72.6,Cropper,HerDet,BtPlDw,54,28,Otolth
2022,11/5/22,Fregate,Low,2,150,Acanthuridae,Acanthurus leucosternon,15,0.1317,2.392,3.33,5.7,85.7,Cropper,HerDet,BtPlDw,54,28,Otolth
2022,11/5/22,Fregate,Low,2,150,Acanthuridae,Acanthurus leucosternon,16,0.1317,2.392,3.33,6.7,100,Cropper,HerDet,BtPlDw,54,28,Otolth
2022,11/5/22,Fregate,Low,2,150,Acanthuridae,Acanthurus lineatus,16,0.0126,3.064,3.33,4.1,61.6,Cropper,HerDet,BtPlDw,38,28,Otolth
2022,11/5/22,Fregate,Low,2,150,Acanthuridae,Acanthurus lineatus,16,0.0126,3.064,3.33,4.1,61.6,Cropper,HerDet,BtPlDw,38,28,Otolth
2022,11/5/22,Fregate,Low,2,150,Acanthuridae,Acanthurus lineatus,16,0.0126,3.064,3.33,4.1,61.6,Cropper,HerDet,BtPlDw,38,28,Otolth
2022,11/5/22,Fregate,Low,2,150,Acanthuridae,Acanthurus lineatus,17,0.0126,3.064,3.33,4.9,74.2,Cropper,HerDet,BtPlDw,38,28,Otolth
2022,11/5/22,Fregate,Low,2,150,Acanthuridae,Acanthurus lineatus,17,0.0126,3.064,3.33,4.9,74.2,Cropper,HerDet,BtPlDw,38,28,Otolth
2022,11/5/22,Fregate,Low,2,150,Acanthuridae,Acanthurus lineatus,17,0.0126,3.064,3.33,4.9,74.2,Cropper,HerDet,BtPlDw,38,28,Otolth
2022,11/5/22,Fregate,Low,2,150,Acanthuridae,Acanthurus nigrofuscus,12,0.0301,2.967,3.33,3.2,47.9,Cropper,HerDet,BtPlDw,21,28,Otolth
2022,11/5/22,Fregate,Low,2,150,Acanthuridae,Acanthurus nigrofuscus,12,0.0301,2.967,3.33,3.2,47.9,Cropper,HerDet,BtPlDw,21,28,Otolth
2022,11/5/22,Fregate,Low,2,150,Acanthuridae,Acanthurus nigrofuscus,12,0.0301,2.967,3.33,3.2,47.9,Cropper,HerDet,BtPlDw,21,28,Otolth
2022,11/5/22,Fregate,Low,2,150,Acanthuridae,Acanthurus nigrofuscus,12,0.0301,2.967,3.33,3.2,47.9,Cropper,HerDet,BtPlDw,21,28,Otolth
2022,11/5/22,Fregate,Low,2,150,Acanthuridae,Acanthurus nigrofuscus,12,0.0301,2.967,3.33,3.2,47.9,Cropper,HerDet,BtPlDw,21,28,Otolth
2022,11/5/22,Fregate,Low,2,150,Acanthuridae,Acanthurus nigrofuscus,12,0.0301,2.967,3.33,3.2,47.9,Cropper,HerDet,BtPlDw,21,28,Otolth
2022,11/5/22,Fregate,Low,2,150,Acanthuridae,Acanthurus nigrofuscus,13,0.0301,2.967,3.33,4.1,60.8,Cropper,HerDet,BtPlDw,21,28,Otolth
2022,11/5/22,Fregate,Low,2,150,Acanthuridae,Acanthurus nigrofuscus,13,0.0301,2.967,3.33,4.1,60.8,Cropper,HerDet,BtPlDw,21,28,Otolth
2022,11/5/22,Fregate,Low,2,150,Acanthuridae,Acanthurus nigrofuscus,13,0.0301,2.967,3.33,4.1,60.8,Cropper,HerDet,BtPlDw,21,28,Otolth
2022,11/5/22,Fregate,Low,2,150,Acanthuridae,Acanthurus nigrofuscus,13,0.0301,2.967,3.33,4.1,60.8,Cropper,HerDet,BtPlDw,21,28,Otolth
2022,11/5/22,Fregate,Low,2,150,Acanthuridae,Acanthurus nigrofuscus,13,0.0301,2.967,3.33,4.1,60.8,Cropper,HerDet,BtPlDw,21,28,Otolth
2022,11/5/22,Fregate,Low,2,150,Acanthuridae,Acanthurus nigrofuscus,13,0.0301,2.967,3.33,4.1,60.8,Cropper,HerDet,BtPlDw,21,28,Otolth
2022,11/5/22,Fregate,Low,2,150,Acanthuridae,Acanthurus nigrofuscus,13,0.0301,2.967,3.33,4.1,60.8,Cropper,HerDet,BtPlDw,21,28,Otolth
2022,11/5/22,Fregate,Low,2,150,Acanthuridae,Acanthurus nigrofuscus,13,0.0301,2.967,3.33,4.1,60.8,Cropper,HerDet,BtPlDw,21,28,Otolth
2022,11/5/22,Fregate,Low,2,150,Acanthuridae,Acanthurus nigrofuscus,13,0.0301,2.967,3.33,4.1,60.8,Cropper,HerDet,BtPlDw,21,28,Otolth
2022,11/5/22,Fregate,Low,2,150,Acanthuridae,Acanthurus nigrofuscus,13,0.0301,2.967,3.33,4.1,60.8,Cropper,HerDet,BtPlDw,21,28,Otolth
2022,11/5/22,Fregate,Low,2,150,Acanthuridae,Acanthurus nigrofuscus,13,0.0301,2.967,3.33,4.1,60.8,Cropper,HerDet,BtPlDw,21,28,Otolth
2022,11/5/22,Fregate,Low,2,150,Acanthuridae,Acanthurus nigrofuscus,14,0.0301,2.967,3.33,5,75.7,Cropper,HerDet,BtPlDw,21,28,Otolth
2022,11/5/22,Fregate,Low,2,150,Acanthuridae,Acanthurus tennentii,27,0.0261,3.024,3.33,37.1,556,Cropper,HerDet,BtPlDw,31,28,Otolth
2022,11/5/22,Fregate,Low,2,150,Acanthuridae,Ctenochaetus striatus,14,0.0254,3.027,3.33,5,74.8,Brusher,HerDet,BtPlDw,26,28,Otolth
2022,11/5/22,Fregate,Low,2,150,Acanthuridae,Ctenochaetus striatus,14,0.0254,3.027,3.33,5,74.8,Brusher,HerDet,BtPlDw,26,28,Otolth
2022,11/5/22,Fregate,Low,2,150,Acanthuridae,Ctenochaetus striatus,14,0.0254,3.027,3.33,5,74.8,Brusher,HerDet,BtPlDw,26,28,Otolth
2022,11/5/22,Fregate,Low,2,150,Acanthuridae,Ctenochaetus striatus,15,0.0254,3.027,3.33,6.1,92.2,Brusher,HerDet,BtPlDw,26,28,Otolth
2022,11/5/22,Fregate,Low,2,150,Acanthuridae,Ctenochaetus truncatus,14,0.0254,3.027,3.33,5,74.8,Brusher,HerDet,BtPlDw,16,28,Otolth
2022,11/5/22,Fregate,Low,2,150,Acanthuridae,Ctenochaetus truncatus,14,0.0254,3.027,3.33,5,74.8,Brusher,HerDet,BtPlDw,16,28,Otolth
2022,11/5/22,Fregate,Low,2,150,Acanthuridae,Ctenochaetus truncatus,15,0.0254,3.027,3.33,6.1,92.2,Brusher,HerDet,BtPlDw,16,28,Otolth
2022,11/5/22,Fregate,Low,2,150,Acanthuridae,Ctenochaetus truncatus,15,0.0254,3.027,3.33,6.1,92.2,Brusher,HerDet,BtPlDw,16,28,Otolth
2022,11/5/22,Fregate,Low,2,150,Acanthuridae,Ctenochaetus truncatus,15,0.0254,3.027,3.33,6.1,92.2,Brusher,HerDet,BtPlDw,16,28,Otolth
2022,11/5/22,Fregate,Low,2,150,Scaridae,Scarus niger,16,0.0142,3.14,3.33,5.7,85.7,Scraper,HerDet,BtPlDw,40,28,Otolth
2022,11/5/22,Fregate,Low,2,150,Scaridae,Scarus rubroviolaceus,22,0.0136,3.109,3.33,13.5,202.8,Scraper,HerDet,BtPlDw,70,28,Otolth
2022,11/5/22,Fregate,Low,2,150,Scaridae,Scarus rubroviolaceus,38,0.0136,3.109,3.33,74,1109.4,Scraper,HerDet,BtPlDw,70,28,Otolth
2022,11/5/22,Fregate,Low,3,150,Acanthuridae,Acanthurus leucosternon,14,0.1317,2.392,3.33,4.8,72.6,Cropper,HerDet,BtPlDw,54,28,Otolth
2022,11/5/22,Fregate,Low,3,150,Acanthuridae,Acanthurus leucosternon,15,0.1317,2.392,3.33,5.7,85.7,Cropper,HerDet,BtPlDw,54,28,Otolth
2022,11/5/22,Fregate,Low,3,150,Acanthuridae,Acanthurus leucosternon,17,0.1317,2.392,3.33,7.7,115.6,Cropper,HerDet,BtPlDw,54,28,Otolth
2022,11/5/22,Fregate,Low,3,150,Acanthuridae,Acanthurus nigrofuscus,13,0.0301,2.967,3.33,4.1,60.8,Cropper,HerDet,BtPlDw,21,28,Otolth
2022,11/5/22,Fregate,Low,3,150,Acanthuridae,Acanthurus nigrofuscus,13,0.0301,2.967,3.33,4.1,60.8,Cropper,HerDet,BtPlDw,21,28,Otolth
2022,11/5/22,Fregate,Low,3,150,Acanthuridae,Acanthurus nigrofuscus,13,0.0301,2.967,3.33,4.1,60.8,Cropper,HerDet,BtPlDw,21,28,Otolth
2022,11/5/22,Fregate,Low,3,150,Acanthuridae,Acanthurus nigrofuscus,13,0.0301,2.967,3.33,4.1,60.8,Cropper,HerDet,BtPlDw,21,28,Otolth
2022,11/5/22,Fregate,Low,3,150,Acanthuridae,Acanthurus nigrofuscus,13,0.0301,2.967,3.33,4.1,60.8,Cropper,HerDet,BtPlDw,21,28,Otolth
2022,11/5/22,Fregate,Low,3,150,Acanthuridae,Acanthurus nigrofuscus,14,0.0301,2.967,3.33,5,75.7,Cropper,HerDet,BtPlDw,21,28,Otolth
2022,11/5/22,Fregate,Low,3,150,Acanthuridae,Acanthurus nigrofuscus,14,0.0301,2.967,3.33,5,75.7,Cropper,HerDet,BtPlDw,21,28,Otolth
2022,11/5/22,Fregate,Low,3,150,Acanthuridae,Acanthurus nigrofuscus,14,0.0301,2.967,3.33,5,75.7,Cropper,HerDet,BtPlDw,21,28,Otolth
2022,11/5/22,Fregate,Low,3,150,Acanthuridae,Ctenochaetus truncatus,12,0.0254,3.027,3.33,3.1,46.9,Brusher,HerDet,BtPlDw,16,28,Otolth
2022,11/5/22,Fregate,Low,3,150,Acanthuridae,Ctenochaetus truncatus,13,0.0254,3.027,3.33,4,59.8,Brusher,HerDet,BtPlDw,16,28,Otolth
2022,11/5/22,Fregate,Low,3,150,Acanthuridae,Ctenochaetus truncatus,14,0.0254,3.027,3.33,5,74.8,Brusher,HerDet,BtPlDw,16,28,Otolth
2022,11/5/22,Fregate,Low,3,150,Acanthuridae,Ctenochaetus truncatus,15,0.0254,3.027,3.33,6.1,92.2,Brusher,HerDet,BtPlDw,16,28,Otolth
2022,11/5/22,Fregate,Low,3,150,Acanthuridae,Zebrasoma scopas,14,0.04,2.867,3.33,5.2,77.3,Cropper,HerDet,BtPlDw,25,28,Otolth
2022,11/5/22,Fregate,Low,3,150,Scaridae,Chlorurus sordidus,24,0.0182,3.15,3.33,27,405.3,Excavator,HerDet,BtPlDw,40,28,Otolth
2022,11/5/22,Fregate,Low,3,150,Scaridae,Chlorurus sordidus,32,0.0182,3.15,3.33,66.9,1003,Excavator,HerDet,BtPlDw,40,28,Otolth
2022,11/5/22,Fregate,Low,3,150,Scaridae,Scarus tricolor,28,0.0278,2.857,3.33,25.3,378.9,Scraper,HerDet,BtPlDw,37,28,Otolth
2022,11/5/22,Fregate,Low,3,150,Scaridae,Scarus tricolor,33,0.0278,2.857,3.33,40.4,606,Scraper,HerDet,BtPlDw,37,28,Otolth
2022,11/5/22,Fregate,Low,3,150,Siganidae,Siganus sutor,26,0.0131,3.088,3.33,20.4,306.7,Browser,HerMac,BnthDw,50,28,Otolth
2022,11/5/22,Fregate,Low,3,150,Siganidae,Siganus sutor,26,0.0131,3.088,3.33,20.4,306.7,Browser,HerMac,BnthDw,50,28,Otolth
2022,11/5/22,Fregate,Low,3,150,Siganidae,Siganus sutor,26,0.0131,3.088,3.33,20.4,306.7,Browser,HerMac,BnthDw,50,28,Otolth
2022,11/5/22,Fregate,Low,3,150,Siganidae,Siganus sutor,26,0.0131,3.088,3.33,20.4,306.7,Browser,HerMac,BnthDw,50,28,Otolth
2022,11/5/22,Fregate,Low,3,150,Siganidae,Siganus sutor,26,0.0131,3.088,3.33,20.4,306.7,Browser,HerMac,BnthDw,50,28,Otolth
2022,11/5/22,Fregate,Low,3,150,Siganidae,Siganus sutor,26,0.0131,3.088,3.33,20.4,306.7,Browser,HerMac,BnthDw,50,28,Otolth
2022,11/5/22,Fregate,Low,3,150,Siganidae,Siganus sutor,26,0.0131,3.088,3.33,20.4,306.7,Browser,HerMac,BnthDw,50,28,Otolth
2022,11/5/22,Fregate,Low,4,150,Acanthuridae,Acanthurus leucosternon,13,0.1317,2.392,3.33,4.1,60.8,Cropper,HerDet,BtPlDw,54,28,Otolth
2022,11/5/22,Fregate,Low,4,150,Acanthuridae,Acanthurus leucosternon,14,0.1317,2.392,3.33,4.8,72.6,Cropper,HerDet,BtPlDw,54,28,Otolth
2022,11/5/22,Fregate,Low,4,150,Acanthuridae,Acanthurus nigrofuscus,14,0.0301,2.967,3.33,5,75.7,Cropper,HerDet,BtPlDw,21,28,Otolth
2022,11/5/22,Fregate,Low,4,150,Acanthuridae,Acanthurus nigrofuscus,15,0.0301,2.967,3.33,6.2,92.9,Cropper,HerDet,BtPlDw,21,28,Otolth
2022,11/5/22,Fregate,Low,4,150,Acanthuridae,Acanthurus nigrofuscus,15,0.0301,2.967,3.33,6.2,92.9,Cropper,HerDet,BtPlDw,21,28,Otolth
2022,11/5/22,Fregate,Low,4,150,Acanthuridae,Ctenochaetus truncatus,13,0.0254,3.027,3.33,4,59.8,Brusher,HerDet,BtPlDw,16,28,Otolth
2022,11/5/22,Fregate,Low,4,150,Acanthuridae,Ctenochaetus truncatus,13,0.0254,3.027,3.33,4,59.8,Brusher,HerDet,BtPlDw,16,28,Otolth
2022,11/5/22,Fregate,Low,4,150,Acanthuridae,Ctenochaetus truncatus,14,0.0254,3.027,3.33,5,74.8,Brusher,HerDet,BtPlDw,16,28,Otolth
2022,11/5/22,Fregate,Low,4,150,Acanthuridae,Ctenochaetus truncatus,14,0.0254,3.027,3.33,5,74.8,Brusher,HerDet,BtPlDw,16,28,Otolth
2022,11/5/22,Fregate,Low,4,150,Acanthuridae,Ctenochaetus truncatus,14,0.0254,3.027,3.33,5,74.8,Brusher,HerDet,BtPlDw,16,28,Otolth
2022,11/5/22,Fregate,Low,4,150,Acanthuridae,Ctenochaetus truncatus,14,0.0254,3.027,3.33,5,74.8,Brusher,HerDet,BtPlDw,16,28,Otolth
2022,11/5/22,Fregate,Low,4,150,Acanthuridae,Ctenochaetus truncatus,14,0.0254,3.027,3.33,5,74.8,Brusher,HerDet,BtPlDw,16,28,Otolth
2022,11/5/22,Fregate,Low,4,150,Acanthuridae,Ctenochaetus truncatus,14,0.0254,3.027,3.33,5,74.8,Brusher,HerDet,BtPlDw,16,28,Otolth
2022,11/5/22,Fregate,Low,4,150,Acanthuridae,Ctenochaetus truncatus,14,0.0254,3.027,3.33,5,74.8,Brusher,HerDet,BtPlDw,16,28,Otolth
2022,11/5/22,Fregate,Low,4,150,Acanthuridae,Ctenochaetus truncatus,15,0.0254,3.027,3.33,6.1,92.2,Brusher,HerDet,BtPlDw,16,28,Otolth
2022,11/5/22,Fregate,Low,4,150,Acanthuridae,Zebrasoma scopas,12,0.04,2.867,3.33,3.3,49.7,Cropper,HerDet,BtPlDw,25,28,Otolth
2022,11/5/22,Fregate,Low,4,150,Acanthuridae,Zebrasoma scopas,12,0.04,2.867,3.33,3.3,49.7,Cropper,HerDet,BtPlDw,25,28,Otolth
2022,11/5/22,Fregate,Low,4,150,Acanthuridae,Zebrasoma scopas,12,0.04,2.867,3.33,3.3,49.7,Cropper,HerDet,BtPlDw,25,28,Otolth
2022,11/5/22,Fregate,Low,4,150,Acanthuridae,Zebrasoma scopas,13,0.04,2.867,3.33,4.2,62.5,Cropper,HerDet,BtPlDw,25,28,Otolth
2022,11/5/22,Fregate,Low,4,150,Acanthuridae,Zebrasoma scopas,14,0.04,2.867,3.33,5.2,77.3,Cropper,HerDet,BtPlDw,25,28,Otolth
2022,11/5/22,Fregate,Low,4,150,Acanthuridae,Zebrasoma scopas,15,0.04,2.867,3.33,6.3,94.2,Cropper,HerDet,BtPlDw,25,28,Otolth
2022,11/5/22,Fregate,Low,4,150,Scaridae,Chlorurus sordidus,14,0.0182,3.15,3.33,4.9,74.2,Excavator,HerDet,BtPlDw,40,28,Otolth
2022,11/5/22,Fregate,Low,4,150,Scaridae,Chlorurus sordidus,14,0.0182,3.15,3.33,4.9,74.2,Excavator,HerDet,BtPlDw,40,28,Otolth
2022,11/5/22,Fregate,Low,4,150,Scaridae,Chlorurus sordidus,15,0.0182,3.15,3.33,6.1,92.2,Excavator,HerDet,BtPlDw,40,28,Otolth
2022,11/5/22,Fregate,Low,4,150,Scaridae,Chlorurus sordidus,26,0.0182,3.15,3.33,34.8,521.5,Excavator,HerDet,BtPlDw,40,28,Otolth
2022,11/5/22,Fregate,Low,4,150,Scaridae,Chlorurus sordidus,28,0.0182,3.15,3.33,43.9,658.6,Excavator,HerDet,BtPlDw,40,28,Otolth
2022,11/5/22,Fregate,Low,4,150,Scaridae,Scarus niger,15,0.0142,3.14,3.33,4.7,70,Scraper,HerDet,BtPlDw,40,28,Otolth
2022,11/5/22,Fregate,Low,4,150,Scaridae,Scarus niger,25,0.0142,3.14,3.33,23.2,348.2,Scraper,HerDet,BtPlDw,40,28,Otolth
2022,11/5/22,Fregate,Low,4,150,Scaridae,Scarus tricolor,33,0.0278,2.857,3.33,40.4,606,Scraper,HerDet,BtPlDw,37,28,Otolth
2022,11/5/22,Fregate,Low,4,60,Pomacentridae,Plectroglyphidodon lacrymatus,8,0.0612,2.635,8.33,2.4,14.7,Farmer,HerDet,BnthDw,10,28,Otolth
2022,11/5/22,Fregate,Low,4,60,Pomacentridae,Plectroglyphidodon lacrymatus,8,0.0612,2.635,8.33,2.4,14.7,Farmer,HerDet,BnthDw,10,28,Otolth
2022,11/5/22,Fregate,Low,4,60,Pomacentridae,Plectroglyphidodon lacrymatus,8,0.0612,2.635,8.33,2.4,14.7,Farmer,HerDet,BnthDw,10,28,Otolth
2022,11/5/22,Fregate,Low,4,60,Pomacentridae,Plectroglyphidodon lacrymatus,8,0.0612,2.635,8.33,2.4,14.7,Farmer,HerDet,BnthDw,10,28,Otolth
2022,11/5/22,Fregate,Low,4,60,Pomacentridae,Plectroglyphidodon lacrymatus,8,0.0612,2.635,8.33,2.4,14.7,Farmer,HerDet,BnthDw,10,28,Otolth
2022,11/5/22,Fregate,Low,4,60,Pomacentridae,Plectroglyphidodon lacrymatus,8,0.0612,2.635,8.33,2.4,14.7,Farmer,HerDet,BnthDw,10,28,Otolth